TenantId,Computer,ContainerId,ContainerName,PodName,PodNamespace,LogMessage,LogSource,"TimeGenerated [UTC]",KubernetesMetadata,LogLevel,SourceSystem,Type,"_ResourceId"
"56608c29-c876-4f36-8532-83b7db336e04","aks-userpool-32080101-vmss000000",fa285de14c03160dc0b1be89ee0e4f7178e942b9f33d806931e7b3fab07e30c5,"mas-app","mas-app-5fbfc6f798-sjrxp",default,"Traceback (most recent call last):",stderr,"9/24/2025, 9:19:50.821 AM",,error,,ContainerLogV2,"/subscriptions/33ff7dc7-1c36-4d2b-b62b-e4374ca2dbff/resourcegroups/mas-demo-rg/providers/microsoft.containerservice/managedclusters/mas-demo-aks"
"56608c29-c876-4f36-8532-83b7db336e04","aks-userpool-32080101-vmss000000",fa285de14c03160dc0b1be89ee0e4f7178e942b9f33d806931e7b3fab07e30c5,"mas-app","mas-app-5fbfc6f798-sjrxp",default,"  File ""/app/main.py"", line 2, in <module>",stderr,"9/24/2025, 9:19:50.821 AM",,error,,ContainerLogV2,"/subscriptions/33ff7dc7-1c36-4d2b-b62b-e4374ca2dbff/resourcegroups/mas-demo-rg/providers/microsoft.containerservice/managedclusters/mas-demo-aks"
"56608c29-c876-4f36-8532-83b7db336e04","aks-userpool-32080101-vmss000000",fa285de14c03160dc0b1be89ee0e4f7178e942b9f33d806931e7b3fab07e30c5,"mas-app","mas-app-5fbfc6f798-sjrxp",default,"    from utils.config import config",stderr,"9/24/2025, 9:19:50.821 AM",,error,,ContainerLogV2,"/subscriptions/33ff7dc7-1c36-4d2b-b62b-e4374ca2dbff/resourcegroups/mas-demo-rg/providers/microsoft.containerservice/managedclusters/mas-demo-aks"
"56608c29-c876-4f36-8532-83b7db336e04","aks-userpool-32080101-vmss000000",fa285de14c03160dc0b1be89ee0e4f7178e942b9f33d806931e7b3fab07e30c5,"mas-app","mas-app-5fbfc6f798-sjrxp",default,"ModuleNotFoundError: No module named 'utils.config'",stderr,"9/24/2025, 9:19:50.821 AM",,error,,ContainerLogV2,"/subscriptions/33ff7dc7-1c36-4d2b-b62b-e4374ca2dbff/resourcegroups/mas-demo-rg/providers/microsoft.containerservice/managedclusters/mas-demo-aks"
"56608c29-c876-4f36-8532-83b7db336e04","aks-userpool-32080101-vmss000000",47d650558037a0b38dbb4e4ac17c0128d53ee195244db2832cf19230564580e7,"mas-app","mas-app-5fbfc6f798-sjrxp",default,"Traceback (most recent call last):",stderr,"9/24/2025, 5:59:24.942 AM",,error,,ContainerLogV2,"/subscriptions/33ff7dc7-1c36-4d2b-b62b-e4374ca2dbff/resourcegroups/mas-demo-rg/providers/microsoft.containerservice/managedclusters/mas-demo-aks"
"56608c29-c876-4f36-8532-83b7db336e04","aks-userpool-32080101-vmss000000",47d650558037a0b38dbb4e4ac17c0128d53ee195244db2832cf19230564580e7,"mas-app","mas-app-5fbfc6f798-sjrxp",default,"  File ""/app/main.py"", line 2, in <module>",stderr,"9/24/2025, 5:59:24.942 AM",,error,,ContainerLogV2,"/subscriptions/33ff7dc7-1c36-4d2b-b62b-e4374ca2dbff/resourcegroups/mas-demo-rg/providers/microsoft.containerservice/managedclusters/mas-demo-aks"
"56608c29-c876-4f36-8532-83b7db336e04","aks-userpool-32080101-vmss000000",47d650558037a0b38dbb4e4ac17c0128d53ee195244db2832cf19230564580e7,"mas-app","mas-app-5fbfc6f798-sjrxp",default,"    from utils.config import config",stderr,"9/24/2025, 5:59:24.942 AM",,error,,ContainerLogV2,"/subscriptions/33ff7dc7-1c36-4d2b-b62b-e4374ca2dbff/resourcegroups/mas-demo-rg/providers/microsoft.containerservice/managedclusters/mas-demo-aks"
"56608c29-c876-4f36-8532-83b7db336e04","aks-userpool-32080101-vmss000000",47d650558037a0b38dbb4e4ac17c0128d53ee195244db2832cf19230564580e7,"mas-app","mas-app-5fbfc6f798-sjrxp",default,"ModuleNotFoundError: No module named 'utils.config'",stderr,"9/24/2025, 5:59:24.942 AM",,error,,ContainerLogV2,"/subscriptions/33ff7dc7-1c36-4d2b-b62b-e4374ca2dbff/resourcegroups/mas-demo-rg/providers/microsoft.containerservice/managedclusters/mas-demo-aks"
"56608c29-c876-4f36-8532-83b7db336e04","aks-userpool-32080101-vmss000000",5f44ea7cd3b93da868d326113146bea5592b5f5795881a38ef28e0040fd45e22,"mas-app","mas-app-5fbfc6f798-sjrxp",default,"Traceback (most recent call last):",stderr,"9/24/2025, 5:59:38.587 AM",,error,,ContainerLogV2,"/subscriptions/33ff7dc7-1c36-4d2b-b62b-e4374ca2dbff/resourcegroups/mas-demo-rg/providers/microsoft.containerservice/managedclusters/mas-demo-aks"
"56608c29-c876-4f36-8532-83b7db336e04","aks-userpool-32080101-vmss000000",5f44ea7cd3b93da868d326113146bea5592b5f5795881a38ef28e0040fd45e22,"mas-app","mas-app-5fbfc6f798-sjrxp",default,"  File ""/app/main.py"", line 2, in <module>",stderr,"9/24/2025, 5:59:38.587 AM",,error,,ContainerLogV2,"/subscriptions/33ff7dc7-1c36-4d2b-b62b-e4374ca2dbff/resourcegroups/mas-demo-rg/providers/microsoft.containerservice/managedclusters/mas-demo-aks"
"56608c29-c876-4f36-8532-83b7db336e04","aks-userpool-32080101-vmss000000",5f44ea7cd3b93da868d326113146bea5592b5f5795881a38ef28e0040fd45e22,"mas-app","mas-app-5fbfc6f798-sjrxp",default,"    from utils.config import config",stderr,"9/24/2025, 5:59:38.587 AM",,error,,ContainerLogV2,"/subscriptions/33ff7dc7-1c36-4d2b-b62b-e4374ca2dbff/resourcegroups/mas-demo-rg/providers/microsoft.containerservice/managedclusters/mas-demo-aks"
"56608c29-c876-4f36-8532-83b7db336e04","aks-userpool-32080101-vmss000000",5f44ea7cd3b93da868d326113146bea5592b5f5795881a38ef28e0040fd45e22,"mas-app","mas-app-5fbfc6f798-sjrxp",default,"ModuleNotFoundError: No module named 'utils.config'",stderr,"9/24/2025, 5:59:38.587 AM",,error,,ContainerLogV2,"/subscriptions/33ff7dc7-1c36-4d2b-b62b-e4374ca2dbff/resourcegroups/mas-demo-rg/providers/microsoft.containerservice/managedclusters/mas-demo-aks"
"56608c29-c876-4f36-8532-83b7db336e04","aks-userpool-32080101-vmss000000",d269865e4c2f4e5997ab256966ad0392c2a157c202714ea5d449cb846889df6e,"mas-app","mas-app-5fbfc6f798-sjrxp",default,"Traceback (most recent call last):",stderr,"9/24/2025, 6:00:04.943 AM",,error,,ContainerLogV2,"/subscriptions/33ff7dc7-1c36-4d2b-b62b-e4374ca2dbff/resourcegroups/mas-demo-rg/providers/microsoft.containerservice/managedclusters/mas-demo-aks"
"56608c29-c876-4f36-8532-83b7db336e04","aks-userpool-32080101-vmss000000",d269865e4c2f4e5997ab256966ad0392c2a157c202714ea5d449cb846889df6e,"mas-app","mas-app-5fbfc6f798-sjrxp",default,"  File ""/app/main.py"", line 2, in <module>",stderr,"9/24/2025, 6:00:04.943 AM",,error,,ContainerLogV2,"/subscriptions/33ff7dc7-1c36-4d2b-b62b-e4374ca2dbff/resourcegroups/mas-demo-rg/providers/microsoft.containerservice/managedclusters/mas-demo-aks"
"56608c29-c876-4f36-8532-83b7db336e04","aks-userpool-32080101-vmss000000",d269865e4c2f4e5997ab256966ad0392c2a157c202714ea5d449cb846889df6e,"mas-app","mas-app-5fbfc6f798-sjrxp",default,"    from utils.config import config",stderr,"9/24/2025, 6:00:04.944 AM",,error,,ContainerLogV2,"/subscriptions/33ff7dc7-1c36-4d2b-b62b-e4374ca2dbff/resourcegroups/mas-demo-rg/providers/microsoft.containerservice/managedclusters/mas-demo-aks"
"56608c29-c876-4f36-8532-83b7db336e04","aks-userpool-32080101-vmss000000",d269865e4c2f4e5997ab256966ad0392c2a157c202714ea5d449cb846889df6e,"mas-app","mas-app-5fbfc6f798-sjrxp",default,"ModuleNotFoundError: No module named 'utils.config'",stderr,"9/24/2025, 6:00:04.944 AM",,error,,ContainerLogV2,"/subscriptions/33ff7dc7-1c36-4d2b-b62b-e4374ca2dbff/resourcegroups/mas-demo-rg/providers/microsoft.containerservice/managedclusters/mas-demo-aks"
"56608c29-c876-4f36-8532-83b7db336e04","aks-userpool-32080101-vmss000000",e95da4012ffd1151f7d8589035029627f4233eb1f4583634417883edc34c1776,"mas-app","mas-app-5fbfc6f798-sjrxp",default,"Traceback (most recent call last):",stderr,"9/24/2025, 6:00:58.673 AM",,error,,ContainerLogV2,"/subscriptions/33ff7dc7-1c36-4d2b-b62b-e4374ca2dbff/resourcegroups/mas-demo-rg/providers/microsoft.containerservice/managedclusters/mas-demo-aks"
"56608c29-c876-4f36-8532-83b7db336e04","aks-userpool-32080101-vmss000000",e95da4012ffd1151f7d8589035029627f4233eb1f4583634417883edc34c1776,"mas-app","mas-app-5fbfc6f798-sjrxp",default,"  File ""/app/main.py"", line 2, in <module>",stderr,"9/24/2025, 6:00:58.673 AM",,error,,ContainerLogV2,"/subscriptions/33ff7dc7-1c36-4d2b-b62b-e4374ca2dbff/resourcegroups/mas-demo-rg/providers/microsoft.containerservice/managedclusters/mas-demo-aks"
"56608c29-c876-4f36-8532-83b7db336e04","aks-userpool-32080101-vmss000000",e95da4012ffd1151f7d8589035029627f4233eb1f4583634417883edc34c1776,"mas-app","mas-app-5fbfc6f798-sjrxp",default,"    from utils.config import config",stderr,"9/24/2025, 6:00:58.674 AM",,error,,ContainerLogV2,"/subscriptions/33ff7dc7-1c36-4d2b-b62b-e4374ca2dbff/resourcegroups/mas-demo-rg/providers/microsoft.containerservice/managedclusters/mas-demo-aks"
"56608c29-c876-4f36-8532-83b7db336e04","aks-userpool-32080101-vmss000000",e95da4012ffd1151f7d8589035029627f4233eb1f4583634417883edc34c1776,"mas-app","mas-app-5fbfc6f798-sjrxp",default,"ModuleNotFoundError: No module named 'utils.config'",stderr,"9/24/2025, 6:00:58.674 AM",,error,,ContainerLogV2,"/subscriptions/33ff7dc7-1c36-4d2b-b62b-e4374ca2dbff/resourcegroups/mas-demo-rg/providers/microsoft.containerservice/managedclusters/mas-demo-aks"
"56608c29-c876-4f36-8532-83b7db336e04","aks-userpool-32080101-vmss000000",eb4cafebf5e27dd2455ea3176b6c372987076ef10491be48e8a8ee6a60f99690,"mas-app","mas-app-5fbfc6f798-sjrxp",default,"Traceback (most recent call last):",stderr,"9/24/2025, 6:05:16.759 AM",,error,,ContainerLogV2,"/subscriptions/33ff7dc7-1c36-4d2b-b62b-e4374ca2dbff/resourcegroups/mas-demo-rg/providers/microsoft.containerservice/managedclusters/mas-demo-aks"
"56608c29-c876-4f36-8532-83b7db336e04","aks-userpool-32080101-vmss000000",eb4cafebf5e27dd2455ea3176b6c372987076ef10491be48e8a8ee6a60f99690,"mas-app","mas-app-5fbfc6f798-sjrxp",default,"  File ""/app/main.py"", line 2, in <module>",stderr,"9/24/2025, 6:05:16.759 AM",,error,,ContainerLogV2,"/subscriptions/33ff7dc7-1c36-4d2b-b62b-e4374ca2dbff/resourcegroups/mas-demo-rg/providers/microsoft.containerservice/managedclusters/mas-demo-aks"
"56608c29-c876-4f36-8532-83b7db336e04","aks-userpool-32080101-vmss000000",eb4cafebf5e27dd2455ea3176b6c372987076ef10491be48e8a8ee6a60f99690,"mas-app","mas-app-5fbfc6f798-sjrxp",default,"    from utils.config import config",stderr,"9/24/2025, 6:05:16.759 AM",,error,,ContainerLogV2,"/subscriptions/33ff7dc7-1c36-4d2b-b62b-e4374ca2dbff/resourcegroups/mas-demo-rg/providers/microsoft.containerservice/managedclusters/mas-demo-aks"
"56608c29-c876-4f36-8532-83b7db336e04","aks-userpool-32080101-vmss000000",eb4cafebf5e27dd2455ea3176b6c372987076ef10491be48e8a8ee6a60f99690,"mas-app","mas-app-5fbfc6f798-sjrxp",default,"ModuleNotFoundError: No module named 'utils.config'",stderr,"9/24/2025, 6:05:16.759 AM",,error,,ContainerLogV2,"/subscriptions/33ff7dc7-1c36-4d2b-b62b-e4374ca2dbff/resourcegroups/mas-demo-rg/providers/microsoft.containerservice/managedclusters/mas-demo-aks"
"56608c29-c876-4f36-8532-83b7db336e04","aks-userpool-32080101-vmss000000",1bf1c52a0c017eb7b46f5ed532387ea7e2c5e55e19b194b9cb9f5e3700f807ce,"mas-app","mas-app-5fbfc6f798-sjrxp",default,"Traceback (most recent call last):",stderr,"9/24/2025, 6:10:20.822 AM",,error,,ContainerLogV2,"/subscriptions/33ff7dc7-1c36-4d2b-b62b-e4374ca2dbff/resourcegroups/mas-demo-rg/providers/microsoft.containerservice/managedclusters/mas-demo-aks"
"56608c29-c876-4f36-8532-83b7db336e04","aks-userpool-32080101-vmss000000",1bf1c52a0c017eb7b46f5ed532387ea7e2c5e55e19b194b9cb9f5e3700f807ce,"mas-app","mas-app-5fbfc6f798-sjrxp",default,"  File ""/app/main.py"", line 2, in <module>",stderr,"9/24/2025, 6:10:20.822 AM",,error,,ContainerLogV2,"/subscriptions/33ff7dc7-1c36-4d2b-b62b-e4374ca2dbff/resourcegroups/mas-demo-rg/providers/microsoft.containerservice/managedclusters/mas-demo-aks"
"56608c29-c876-4f36-8532-83b7db336e04","aks-userpool-32080101-vmss000000",1bf1c52a0c017eb7b46f5ed532387ea7e2c5e55e19b194b9cb9f5e3700f807ce,"mas-app","mas-app-5fbfc6f798-sjrxp",default,"    from utils.config import config",stderr,"9/24/2025, 6:10:20.822 AM",,error,,ContainerLogV2,"/subscriptions/33ff7dc7-1c36-4d2b-b62b-e4374ca2dbff/resourcegroups/mas-demo-rg/providers/microsoft.containerservice/managedclusters/mas-demo-aks"
"56608c29-c876-4f36-8532-83b7db336e04","aks-userpool-32080101-vmss000000",1bf1c52a0c017eb7b46f5ed532387ea7e2c5e55e19b194b9cb9f5e3700f807ce,"mas-app","mas-app-5fbfc6f798-sjrxp",default,"ModuleNotFoundError: No module named 'utils.config'",stderr,"9/24/2025, 6:10:20.822 AM",,error,,ContainerLogV2,"/subscriptions/33ff7dc7-1c36-4d2b-b62b-e4374ca2dbff/resourcegroups/mas-demo-rg/providers/microsoft.containerservice/managedclusters/mas-demo-aks"
"56608c29-c876-4f36-8532-83b7db336e04","aks-userpool-32080101-vmss000000",9c593aabc65ff2a05d44cb8c62f6a0977066c8624f77c303758fd6c9da49598b,"mas-app","mas-app-5fbfc6f798-sjrxp",default,"Traceback (most recent call last):",stderr,"9/24/2025, 6:15:27.781 AM",,error,,ContainerLogV2,"/subscriptions/33ff7dc7-1c36-4d2b-b62b-e4374ca2dbff/resourcegroups/mas-demo-rg/providers/microsoft.containerservice/managedclusters/mas-demo-aks"
"56608c29-c876-4f36-8532-83b7db336e04","aks-userpool-32080101-vmss000000",9c593aabc65ff2a05d44cb8c62f6a0977066c8624f77c303758fd6c9da49598b,"mas-app","mas-app-5fbfc6f798-sjrxp",default,"  File ""/app/main.py"", line 2, in <module>",stderr,"9/24/2025, 6:15:27.781 AM",,error,,ContainerLogV2,"/subscriptions/33ff7dc7-1c36-4d2b-b62b-e4374ca2dbff/resourcegroups/mas-demo-rg/providers/microsoft.containerservice/managedclusters/mas-demo-aks"
"56608c29-c876-4f36-8532-83b7db336e04","aks-userpool-32080101-vmss000000",9c593aabc65ff2a05d44cb8c62f6a0977066c8624f77c303758fd6c9da49598b,"mas-app","mas-app-5fbfc6f798-sjrxp",default,"    from utils.config import config",stderr,"9/24/2025, 6:15:27.782 AM",,error,,ContainerLogV2,"/subscriptions/33ff7dc7-1c36-4d2b-b62b-e4374ca2dbff/resourcegroups/mas-demo-rg/providers/microsoft.containerservice/managedclusters/mas-demo-aks"
"56608c29-c876-4f36-8532-83b7db336e04","aks-userpool-32080101-vmss000000",9c593aabc65ff2a05d44cb8c62f6a0977066c8624f77c303758fd6c9da49598b,"mas-app","mas-app-5fbfc6f798-sjrxp",default,"ModuleNotFoundError: No module named 'utils.config'",stderr,"9/24/2025, 6:15:27.782 AM",,error,,ContainerLogV2,"/subscriptions/33ff7dc7-1c36-4d2b-b62b-e4374ca2dbff/resourcegroups/mas-demo-rg/providers/microsoft.containerservice/managedclusters/mas-demo-aks"
"56608c29-c876-4f36-8532-83b7db336e04","aks-userpool-32080101-vmss000000",cd07a1f56ab90aacbfc0482287fdfa59bb58fbc84118bfcaf6e9e87478a20900,"mas-app","mas-app-5fbfc6f798-sjrxp",default,"Traceback (most recent call last):",stderr,"9/24/2025, 6:20:29.837 AM",,error,,ContainerLogV2,"/subscriptions/33ff7dc7-1c36-4d2b-b62b-e4374ca2dbff/resourcegroups/mas-demo-rg/providers/microsoft.containerservice/managedclusters/mas-demo-aks"
"56608c29-c876-4f36-8532-83b7db336e04","aks-userpool-32080101-vmss000000",cd07a1f56ab90aacbfc0482287fdfa59bb58fbc84118bfcaf6e9e87478a20900,"mas-app","mas-app-5fbfc6f798-sjrxp",default,"  File ""/app/main.py"", line 2, in <module>",stderr,"9/24/2025, 6:20:29.837 AM",,error,,ContainerLogV2,"/subscriptions/33ff7dc7-1c36-4d2b-b62b-e4374ca2dbff/resourcegroups/mas-demo-rg/providers/microsoft.containerservice/managedclusters/mas-demo-aks"
"56608c29-c876-4f36-8532-83b7db336e04","aks-userpool-32080101-vmss000000",cd07a1f56ab90aacbfc0482287fdfa59bb58fbc84118bfcaf6e9e87478a20900,"mas-app","mas-app-5fbfc6f798-sjrxp",default,"    from utils.config import config",stderr,"9/24/2025, 6:20:29.837 AM",,error,,ContainerLogV2,"/subscriptions/33ff7dc7-1c36-4d2b-b62b-e4374ca2dbff/resourcegroups/mas-demo-rg/providers/microsoft.containerservice/managedclusters/mas-demo-aks"
"56608c29-c876-4f36-8532-83b7db336e04","aks-userpool-32080101-vmss000000",cd07a1f56ab90aacbfc0482287fdfa59bb58fbc84118bfcaf6e9e87478a20900,"mas-app","mas-app-5fbfc6f798-sjrxp",default,"ModuleNotFoundError: No module named 'utils.config'",stderr,"9/24/2025, 6:20:29.837 AM",,error,,ContainerLogV2,"/subscriptions/33ff7dc7-1c36-4d2b-b62b-e4374ca2dbff/resourcegroups/mas-demo-rg/providers/microsoft.containerservice/managedclusters/mas-demo-aks"
"56608c29-c876-4f36-8532-83b7db336e04","aks-userpool-32080101-vmss000000",268c59315a54367c7639916e94f1495503785bcfd3efd885a77b7ef4dda7dea0,"mas-app","mas-app-5fbfc6f798-sjrxp",default,"Traceback (most recent call last):",stderr,"9/24/2025, 6:25:32.775 AM",,error,,ContainerLogV2,"/subscriptions/33ff7dc7-1c36-4d2b-b62b-e4374ca2dbff/resourcegroups/mas-demo-rg/providers/microsoft.containerservice/managedclusters/mas-demo-aks"
"56608c29-c876-4f36-8532-83b7db336e04","aks-userpool-32080101-vmss000000",268c59315a54367c7639916e94f1495503785bcfd3efd885a77b7ef4dda7dea0,"mas-app","mas-app-5fbfc6f798-sjrxp",default,"  File ""/app/main.py"", line 2, in <module>",stderr,"9/24/2025, 6:25:32.775 AM",,error,,ContainerLogV2,"/subscriptions/33ff7dc7-1c36-4d2b-b62b-e4374ca2dbff/resourcegroups/mas-demo-rg/providers/microsoft.containerservice/managedclusters/mas-demo-aks"
"56608c29-c876-4f36-8532-83b7db336e04","aks-userpool-32080101-vmss000000",268c59315a54367c7639916e94f1495503785bcfd3efd885a77b7ef4dda7dea0,"mas-app","mas-app-5fbfc6f798-sjrxp",default,"    from utils.config import config",stderr,"9/24/2025, 6:25:32.775 AM",,error,,ContainerLogV2,"/subscriptions/33ff7dc7-1c36-4d2b-b62b-e4374ca2dbff/resourcegroups/mas-demo-rg/providers/microsoft.containerservice/managedclusters/mas-demo-aks"
"56608c29-c876-4f36-8532-83b7db336e04","aks-userpool-32080101-vmss000000",268c59315a54367c7639916e94f1495503785bcfd3efd885a77b7ef4dda7dea0,"mas-app","mas-app-5fbfc6f798-sjrxp",default,"ModuleNotFoundError: No module named 'utils.config'",stderr,"9/24/2025, 6:25:32.775 AM",,error,,ContainerLogV2,"/subscriptions/33ff7dc7-1c36-4d2b-b62b-e4374ca2dbff/resourcegroups/mas-demo-rg/providers/microsoft.containerservice/managedclusters/mas-demo-aks"
"56608c29-c876-4f36-8532-83b7db336e04","aks-userpool-32080101-vmss000000",8a12582be1dd903d36f1ae262191318cb5e44496feafabd549dd0de31650d2f6,"mas-app","mas-app-5fbfc6f798-sjrxp",default,"Traceback (most recent call last):",stderr,"9/24/2025, 6:30:42.859 AM",,error,,ContainerLogV2,"/subscriptions/33ff7dc7-1c36-4d2b-b62b-e4374ca2dbff/resourcegroups/mas-demo-rg/providers/microsoft.containerservice/managedclusters/mas-demo-aks"
"56608c29-c876-4f36-8532-83b7db336e04","aks-userpool-32080101-vmss000000",8a12582be1dd903d36f1ae262191318cb5e44496feafabd549dd0de31650d2f6,"mas-app","mas-app-5fbfc6f798-sjrxp",default,"  File ""/app/main.py"", line 2, in <module>",stderr,"9/24/2025, 6:30:42.859 AM",,error,,ContainerLogV2,"/subscriptions/33ff7dc7-1c36-4d2b-b62b-e4374ca2dbff/resourcegroups/mas-demo-rg/providers/microsoft.containerservice/managedclusters/mas-demo-aks"
"56608c29-c876-4f36-8532-83b7db336e04","aks-userpool-32080101-vmss000000",8a12582be1dd903d36f1ae262191318cb5e44496feafabd549dd0de31650d2f6,"mas-app","mas-app-5fbfc6f798-sjrxp",default,"    from utils.config import config",stderr,"9/24/2025, 6:30:42.859 AM",,error,,ContainerLogV2,"/subscriptions/33ff7dc7-1c36-4d2b-b62b-e4374ca2dbff/resourcegroups/mas-demo-rg/providers/microsoft.containerservice/managedclusters/mas-demo-aks"
"56608c29-c876-4f36-8532-83b7db336e04","aks-userpool-32080101-vmss000000",8a12582be1dd903d36f1ae262191318cb5e44496feafabd549dd0de31650d2f6,"mas-app","mas-app-5fbfc6f798-sjrxp",default,"ModuleNotFoundError: No module named 'utils.config'",stderr,"9/24/2025, 6:30:42.859 AM",,error,,ContainerLogV2,"/subscriptions/33ff7dc7-1c36-4d2b-b62b-e4374ca2dbff/resourcegroups/mas-demo-rg/providers/microsoft.containerservice/managedclusters/mas-demo-aks"
"56608c29-c876-4f36-8532-83b7db336e04","aks-userpool-32080101-vmss000000",5c2f281dfe1ceb6a6f9ad93737fd9a7a67a7a1e8fea7081a0ceeb0db71fca342,"mas-app","mas-app-5fbfc6f798-sjrxp",default,"Traceback (most recent call last):",stderr,"9/24/2025, 6:35:49.844 AM",,error,,ContainerLogV2,"/subscriptions/33ff7dc7-1c36-4d2b-b62b-e4374ca2dbff/resourcegroups/mas-demo-rg/providers/microsoft.containerservice/managedclusters/mas-demo-aks"
"56608c29-c876-4f36-8532-83b7db336e04","aks-userpool-32080101-vmss000000",5c2f281dfe1ceb6a6f9ad93737fd9a7a67a7a1e8fea7081a0ceeb0db71fca342,"mas-app","mas-app-5fbfc6f798-sjrxp",default,"  File ""/app/main.py"", line 2, in <module>",stderr,"9/24/2025, 6:35:49.844 AM",,error,,ContainerLogV2,"/subscriptions/33ff7dc7-1c36-4d2b-b62b-e4374ca2dbff/resourcegroups/mas-demo-rg/providers/microsoft.containerservice/managedclusters/mas-demo-aks"
"56608c29-c876-4f36-8532-83b7db336e04","aks-userpool-32080101-vmss000000",5c2f281dfe1ceb6a6f9ad93737fd9a7a67a7a1e8fea7081a0ceeb0db71fca342,"mas-app","mas-app-5fbfc6f798-sjrxp",default,"    from utils.config import config",stderr,"9/24/2025, 6:35:49.844 AM",,error,,ContainerLogV2,"/subscriptions/33ff7dc7-1c36-4d2b-b62b-e4374ca2dbff/resourcegroups/mas-demo-rg/providers/microsoft.containerservice/managedclusters/mas-demo-aks"
"56608c29-c876-4f36-8532-83b7db336e04","aks-userpool-32080101-vmss000000",5c2f281dfe1ceb6a6f9ad93737fd9a7a67a7a1e8fea7081a0ceeb0db71fca342,"mas-app","mas-app-5fbfc6f798-sjrxp",default,"ModuleNotFoundError: No module named 'utils.config'",stderr,"9/24/2025, 6:35:49.844 AM",,error,,ContainerLogV2,"/subscriptions/33ff7dc7-1c36-4d2b-b62b-e4374ca2dbff/resourcegroups/mas-demo-rg/providers/microsoft.containerservice/managedclusters/mas-demo-aks"
"56608c29-c876-4f36-8532-83b7db336e04","aks-userpool-32080101-vmss000000",c8aa5cd85402fc55aff42376b5e0c0ebfd871870181b22da192b48dfcd79e360,"mas-app","mas-app-5fbfc6f798-sjrxp",default,"Traceback (most recent call last):",stderr,"9/24/2025, 6:40:50.860 AM",,error,,ContainerLogV2,"/subscriptions/33ff7dc7-1c36-4d2b-b62b-e4374ca2dbff/resourcegroups/mas-demo-rg/providers/microsoft.containerservice/managedclusters/mas-demo-aks"
"56608c29-c876-4f36-8532-83b7db336e04","aks-userpool-32080101-vmss000000",c8aa5cd85402fc55aff42376b5e0c0ebfd871870181b22da192b48dfcd79e360,"mas-app","mas-app-5fbfc6f798-sjrxp",default,"  File ""/app/main.py"", line 2, in <module>",stderr,"9/24/2025, 6:40:50.860 AM",,error,,ContainerLogV2,"/subscriptions/33ff7dc7-1c36-4d2b-b62b-e4374ca2dbff/resourcegroups/mas-demo-rg/providers/microsoft.containerservice/managedclusters/mas-demo-aks"
"56608c29-c876-4f36-8532-83b7db336e04","aks-userpool-32080101-vmss000000",c8aa5cd85402fc55aff42376b5e0c0ebfd871870181b22da192b48dfcd79e360,"mas-app","mas-app-5fbfc6f798-sjrxp",default,"    from utils.config import config",stderr,"9/24/2025, 6:40:50.860 AM",,error,,ContainerLogV2,"/subscriptions/33ff7dc7-1c36-4d2b-b62b-e4374ca2dbff/resourcegroups/mas-demo-rg/providers/microsoft.containerservice/managedclusters/mas-demo-aks"
"56608c29-c876-4f36-8532-83b7db336e04","aks-userpool-32080101-vmss000000",c8aa5cd85402fc55aff42376b5e0c0ebfd871870181b22da192b48dfcd79e360,"mas-app","mas-app-5fbfc6f798-sjrxp",default,"ModuleNotFoundError: No module named 'utils.config'",stderr,"9/24/2025, 6:40:50.860 AM",,error,,ContainerLogV2,"/subscriptions/33ff7dc7-1c36-4d2b-b62b-e4374ca2dbff/resourcegroups/mas-demo-rg/providers/microsoft.containerservice/managedclusters/mas-demo-aks"
"56608c29-c876-4f36-8532-83b7db336e04","aks-userpool-32080101-vmss000000",fa78ae7f3fb5519308ecceda1fe29ab8a8d31a0baabef9bd684b45c5afe1c70e,"mas-app","mas-app-5fbfc6f798-sjrxp",default,"Traceback (most recent call last):",stderr,"9/24/2025, 6:45:57.729 AM",,error,,ContainerLogV2,"/subscriptions/33ff7dc7-1c36-4d2b-b62b-e4374ca2dbff/resourcegroups/mas-demo-rg/providers/microsoft.containerservice/managedclusters/mas-demo-aks"
"56608c29-c876-4f36-8532-83b7db336e04","aks-userpool-32080101-vmss000000",fa78ae7f3fb5519308ecceda1fe29ab8a8d31a0baabef9bd684b45c5afe1c70e,"mas-app","mas-app-5fbfc6f798-sjrxp",default,"  File ""/app/main.py"", line 2, in <module>",stderr,"9/24/2025, 6:45:57.729 AM",,error,,ContainerLogV2,"/subscriptions/33ff7dc7-1c36-4d2b-b62b-e4374ca2dbff/resourcegroups/mas-demo-rg/providers/microsoft.containerservice/managedclusters/mas-demo-aks"
"56608c29-c876-4f36-8532-83b7db336e04","aks-userpool-32080101-vmss000000",fa78ae7f3fb5519308ecceda1fe29ab8a8d31a0baabef9bd684b45c5afe1c70e,"mas-app","mas-app-5fbfc6f798-sjrxp",default,"    from utils.config import config",stderr,"9/24/2025, 6:45:57.729 AM",,error,,ContainerLogV2,"/subscriptions/33ff7dc7-1c36-4d2b-b62b-e4374ca2dbff/resourcegroups/mas-demo-rg/providers/microsoft.containerservice/managedclusters/mas-demo-aks"
"56608c29-c876-4f36-8532-83b7db336e04","aks-userpool-32080101-vmss000000",fa78ae7f3fb5519308ecceda1fe29ab8a8d31a0baabef9bd684b45c5afe1c70e,"mas-app","mas-app-5fbfc6f798-sjrxp",default,"ModuleNotFoundError: No module named 'utils.config'",stderr,"9/24/2025, 6:45:57.729 AM",,error,,ContainerLogV2,"/subscriptions/33ff7dc7-1c36-4d2b-b62b-e4374ca2dbff/resourcegroups/mas-demo-rg/providers/microsoft.containerservice/managedclusters/mas-demo-aks"
"56608c29-c876-4f36-8532-83b7db336e04","aks-userpool-32080101-vmss000000",1c4ecccf3db4c4014da648cca9c75317d936818c93d9baf5ae1491b1f975533a,"mas-app","mas-app-5fbfc6f798-sjrxp",default,"Traceback (most recent call last):",stderr,"9/24/2025, 6:51:11.168 AM",,error,,ContainerLogV2,"/subscriptions/33ff7dc7-1c36-4d2b-b62b-e4374ca2dbff/resourcegroups/mas-demo-rg/providers/microsoft.containerservice/managedclusters/mas-demo-aks"
"56608c29-c876-4f36-8532-83b7db336e04","aks-userpool-32080101-vmss000000",1c4ecccf3db4c4014da648cca9c75317d936818c93d9baf5ae1491b1f975533a,"mas-app","mas-app-5fbfc6f798-sjrxp",default,"  File ""/app/main.py"", line 2, in <module>",stderr,"9/24/2025, 6:51:11.168 AM",,error,,ContainerLogV2,"/subscriptions/33ff7dc7-1c36-4d2b-b62b-e4374ca2dbff/resourcegroups/mas-demo-rg/providers/microsoft.containerservice/managedclusters/mas-demo-aks"
"56608c29-c876-4f36-8532-83b7db336e04","aks-userpool-32080101-vmss000000",1c4ecccf3db4c4014da648cca9c75317d936818c93d9baf5ae1491b1f975533a,"mas-app","mas-app-5fbfc6f798-sjrxp",default,"    from utils.config import config",stderr,"9/24/2025, 6:51:11.168 AM",,error,,ContainerLogV2,"/subscriptions/33ff7dc7-1c36-4d2b-b62b-e4374ca2dbff/resourcegroups/mas-demo-rg/providers/microsoft.containerservice/managedclusters/mas-demo-aks"
"56608c29-c876-4f36-8532-83b7db336e04","aks-userpool-32080101-vmss000000",1c4ecccf3db4c4014da648cca9c75317d936818c93d9baf5ae1491b1f975533a,"mas-app","mas-app-5fbfc6f798-sjrxp",default,"ModuleNotFoundError: No module named 'utils.config'",stderr,"9/24/2025, 6:51:11.168 AM",,error,,ContainerLogV2,"/subscriptions/33ff7dc7-1c36-4d2b-b62b-e4374ca2dbff/resourcegroups/mas-demo-rg/providers/microsoft.containerservice/managedclusters/mas-demo-aks"
"56608c29-c876-4f36-8532-83b7db336e04","aks-userpool-32080101-vmss000000",4461eeca4b6375925290dc55a3f0d4450568dbb7efb2dfcc62ab16156fab76ef,"mas-app","mas-app-5fbfc6f798-sjrxp",default,"Traceback (most recent call last):",stderr,"9/24/2025, 6:56:17.763 AM",,error,,ContainerLogV2,"/subscriptions/33ff7dc7-1c36-4d2b-b62b-e4374ca2dbff/resourcegroups/mas-demo-rg/providers/microsoft.containerservice/managedclusters/mas-demo-aks"
"56608c29-c876-4f36-8532-83b7db336e04","aks-userpool-32080101-vmss000000",4461eeca4b6375925290dc55a3f0d4450568dbb7efb2dfcc62ab16156fab76ef,"mas-app","mas-app-5fbfc6f798-sjrxp",default,"  File ""/app/main.py"", line 2, in <module>",stderr,"9/24/2025, 6:56:17.763 AM",,error,,ContainerLogV2,"/subscriptions/33ff7dc7-1c36-4d2b-b62b-e4374ca2dbff/resourcegroups/mas-demo-rg/providers/microsoft.containerservice/managedclusters/mas-demo-aks"
"56608c29-c876-4f36-8532-83b7db336e04","aks-userpool-32080101-vmss000000",4461eeca4b6375925290dc55a3f0d4450568dbb7efb2dfcc62ab16156fab76ef,"mas-app","mas-app-5fbfc6f798-sjrxp",default,"    from utils.config import config",stderr,"9/24/2025, 6:56:17.763 AM",,error,,ContainerLogV2,"/subscriptions/33ff7dc7-1c36-4d2b-b62b-e4374ca2dbff/resourcegroups/mas-demo-rg/providers/microsoft.containerservice/managedclusters/mas-demo-aks"
"56608c29-c876-4f36-8532-83b7db336e04","aks-userpool-32080101-vmss000000",4461eeca4b6375925290dc55a3f0d4450568dbb7efb2dfcc62ab16156fab76ef,"mas-app","mas-app-5fbfc6f798-sjrxp",default,"ModuleNotFoundError: No module named 'utils.config'",stderr,"9/24/2025, 6:56:17.763 AM",,error,,ContainerLogV2,"/subscriptions/33ff7dc7-1c36-4d2b-b62b-e4374ca2dbff/resourcegroups/mas-demo-rg/providers/microsoft.containerservice/managedclusters/mas-demo-aks"
"56608c29-c876-4f36-8532-83b7db336e04","aks-userpool-32080101-vmss000000",e5815926b50550795e3d351ae538c76fa9a3f84604f32f23bfec7b063300b1d0,"mas-app","mas-app-5fbfc6f798-sjrxp",default,"Traceback (most recent call last):",stderr,"9/24/2025, 7:01:26.865 AM",,error,,ContainerLogV2,"/subscriptions/33ff7dc7-1c36-4d2b-b62b-e4374ca2dbff/resourcegroups/mas-demo-rg/providers/microsoft.containerservice/managedclusters/mas-demo-aks"
"56608c29-c876-4f36-8532-83b7db336e04","aks-userpool-32080101-vmss000000",e5815926b50550795e3d351ae538c76fa9a3f84604f32f23bfec7b063300b1d0,"mas-app","mas-app-5fbfc6f798-sjrxp",default,"  File ""/app/main.py"", line 2, in <module>",stderr,"9/24/2025, 7:01:26.865 AM",,error,,ContainerLogV2,"/subscriptions/33ff7dc7-1c36-4d2b-b62b-e4374ca2dbff/resourcegroups/mas-demo-rg/providers/microsoft.containerservice/managedclusters/mas-demo-aks"
"56608c29-c876-4f36-8532-83b7db336e04","aks-userpool-32080101-vmss000000",e5815926b50550795e3d351ae538c76fa9a3f84604f32f23bfec7b063300b1d0,"mas-app","mas-app-5fbfc6f798-sjrxp",default,"    from utils.config import config",stderr,"9/24/2025, 7:01:26.865 AM",,error,,ContainerLogV2,"/subscriptions/33ff7dc7-1c36-4d2b-b62b-e4374ca2dbff/resourcegroups/mas-demo-rg/providers/microsoft.containerservice/managedclusters/mas-demo-aks"
"56608c29-c876-4f36-8532-83b7db336e04","aks-userpool-32080101-vmss000000",e5815926b50550795e3d351ae538c76fa9a3f84604f32f23bfec7b063300b1d0,"mas-app","mas-app-5fbfc6f798-sjrxp",default,"ModuleNotFoundError: No module named 'utils.config'",stderr,"9/24/2025, 7:01:26.865 AM",,error,,ContainerLogV2,"/subscriptions/33ff7dc7-1c36-4d2b-b62b-e4374ca2dbff/resourcegroups/mas-demo-rg/providers/microsoft.containerservice/managedclusters/mas-demo-aks"
"56608c29-c876-4f36-8532-83b7db336e04","aks-userpool-32080101-vmss000000",382bb4790e0e3b7235457f91b6bf3e84ee3dd479c3edef0b23b1e9ffa2936dd8,"mas-app","mas-app-5fbfc6f798-sjrxp",default,"Traceback (most recent call last):",stderr,"9/24/2025, 7:06:31.914 AM",,error,,ContainerLogV2,"/subscriptions/33ff7dc7-1c36-4d2b-b62b-e4374ca2dbff/resourcegroups/mas-demo-rg/providers/microsoft.containerservice/managedclusters/mas-demo-aks"
"56608c29-c876-4f36-8532-83b7db336e04","aks-userpool-32080101-vmss000000",382bb4790e0e3b7235457f91b6bf3e84ee3dd479c3edef0b23b1e9ffa2936dd8,"mas-app","mas-app-5fbfc6f798-sjrxp",default,"  File ""/app/main.py"", line 2, in <module>",stderr,"9/24/2025, 7:06:31.914 AM",,error,,ContainerLogV2,"/subscriptions/33ff7dc7-1c36-4d2b-b62b-e4374ca2dbff/resourcegroups/mas-demo-rg/providers/microsoft.containerservice/managedclusters/mas-demo-aks"
"56608c29-c876-4f36-8532-83b7db336e04","aks-userpool-32080101-vmss000000",382bb4790e0e3b7235457f91b6bf3e84ee3dd479c3edef0b23b1e9ffa2936dd8,"mas-app","mas-app-5fbfc6f798-sjrxp",default,"    from utils.config import config",stderr,"9/24/2025, 7:06:31.914 AM",,error,,ContainerLogV2,"/subscriptions/33ff7dc7-1c36-4d2b-b62b-e4374ca2dbff/resourcegroups/mas-demo-rg/providers/microsoft.containerservice/managedclusters/mas-demo-aks"
"56608c29-c876-4f36-8532-83b7db336e04","aks-userpool-32080101-vmss000000",382bb4790e0e3b7235457f91b6bf3e84ee3dd479c3edef0b23b1e9ffa2936dd8,"mas-app","mas-app-5fbfc6f798-sjrxp",default,"ModuleNotFoundError: No module named 'utils.config'",stderr,"9/24/2025, 7:06:31.914 AM",,error,,ContainerLogV2,"/subscriptions/33ff7dc7-1c36-4d2b-b62b-e4374ca2dbff/resourcegroups/mas-demo-rg/providers/microsoft.containerservice/managedclusters/mas-demo-aks"
"56608c29-c876-4f36-8532-83b7db336e04","aks-userpool-32080101-vmss000000",89b04b0cd72728fd9f06aa782b080edd490b3d6d11b32e75f91311db5a2f4443,"mas-app","mas-app-5fbfc6f798-sjrxp",default,"Traceback (most recent call last):",stderr,"9/24/2025, 7:11:33.871 AM",,error,,ContainerLogV2,"/subscriptions/33ff7dc7-1c36-4d2b-b62b-e4374ca2dbff/resourcegroups/mas-demo-rg/providers/microsoft.containerservice/managedclusters/mas-demo-aks"
"56608c29-c876-4f36-8532-83b7db336e04","aks-userpool-32080101-vmss000000",89b04b0cd72728fd9f06aa782b080edd490b3d6d11b32e75f91311db5a2f4443,"mas-app","mas-app-5fbfc6f798-sjrxp",default,"  File ""/app/main.py"", line 2, in <module>",stderr,"9/24/2025, 7:11:33.871 AM",,error,,ContainerLogV2,"/subscriptions/33ff7dc7-1c36-4d2b-b62b-e4374ca2dbff/resourcegroups/mas-demo-rg/providers/microsoft.containerservice/managedclusters/mas-demo-aks"
"56608c29-c876-4f36-8532-83b7db336e04","aks-userpool-32080101-vmss000000",89b04b0cd72728fd9f06aa782b080edd490b3d6d11b32e75f91311db5a2f4443,"mas-app","mas-app-5fbfc6f798-sjrxp",default,"    from utils.config import config",stderr,"9/24/2025, 7:11:33.871 AM",,error,,ContainerLogV2,"/subscriptions/33ff7dc7-1c36-4d2b-b62b-e4374ca2dbff/resourcegroups/mas-demo-rg/providers/microsoft.containerservice/managedclusters/mas-demo-aks"
"56608c29-c876-4f36-8532-83b7db336e04","aks-userpool-32080101-vmss000000",89b04b0cd72728fd9f06aa782b080edd490b3d6d11b32e75f91311db5a2f4443,"mas-app","mas-app-5fbfc6f798-sjrxp",default,"ModuleNotFoundError: No module named 'utils.config'",stderr,"9/24/2025, 7:11:33.871 AM",,error,,ContainerLogV2,"/subscriptions/33ff7dc7-1c36-4d2b-b62b-e4374ca2dbff/resourcegroups/mas-demo-rg/providers/microsoft.containerservice/managedclusters/mas-demo-aks"
"56608c29-c876-4f36-8532-83b7db336e04","aks-userpool-32080101-vmss000000",4144e7068d28952991befcd8a7da93ae4df81f082b4b8c3d2a65facf7e5f477b,"mas-app","mas-app-5fbfc6f798-sjrxp",default,"Traceback (most recent call last):",stderr,"9/24/2025, 7:16:47.792 AM",,error,,ContainerLogV2,"/subscriptions/33ff7dc7-1c36-4d2b-b62b-e4374ca2dbff/resourcegroups/mas-demo-rg/providers/microsoft.containerservice/managedclusters/mas-demo-aks"
"56608c29-c876-4f36-8532-83b7db336e04","aks-userpool-32080101-vmss000000",4144e7068d28952991befcd8a7da93ae4df81f082b4b8c3d2a65facf7e5f477b,"mas-app","mas-app-5fbfc6f798-sjrxp",default,"  File ""/app/main.py"", line 2, in <module>",stderr,"9/24/2025, 7:16:47.792 AM",,error,,ContainerLogV2,"/subscriptions/33ff7dc7-1c36-4d2b-b62b-e4374ca2dbff/resourcegroups/mas-demo-rg/providers/microsoft.containerservice/managedclusters/mas-demo-aks"
"56608c29-c876-4f36-8532-83b7db336e04","aks-userpool-32080101-vmss000000",4144e7068d28952991befcd8a7da93ae4df81f082b4b8c3d2a65facf7e5f477b,"mas-app","mas-app-5fbfc6f798-sjrxp",default,"    from utils.config import config",stderr,"9/24/2025, 7:16:47.792 AM",,error,,ContainerLogV2,"/subscriptions/33ff7dc7-1c36-4d2b-b62b-e4374ca2dbff/resourcegroups/mas-demo-rg/providers/microsoft.containerservice/managedclusters/mas-demo-aks"
"56608c29-c876-4f36-8532-83b7db336e04","aks-userpool-32080101-vmss000000",4144e7068d28952991befcd8a7da93ae4df81f082b4b8c3d2a65facf7e5f477b,"mas-app","mas-app-5fbfc6f798-sjrxp",default,"ModuleNotFoundError: No module named 'utils.config'",stderr,"9/24/2025, 7:16:47.792 AM",,error,,ContainerLogV2,"/subscriptions/33ff7dc7-1c36-4d2b-b62b-e4374ca2dbff/resourcegroups/mas-demo-rg/providers/microsoft.containerservice/managedclusters/mas-demo-aks"
"56608c29-c876-4f36-8532-83b7db336e04","aks-userpool-32080101-vmss000000",2ec37bb572da7e750e9f7493425a9f271aef7006e863c4a3a7e894761513de71,"mas-app","mas-app-5fbfc6f798-sjrxp",default,"Traceback (most recent call last):",stderr,"9/24/2025, 7:21:56.847 AM",,error,,ContainerLogV2,"/subscriptions/33ff7dc7-1c36-4d2b-b62b-e4374ca2dbff/resourcegroups/mas-demo-rg/providers/microsoft.containerservice/managedclusters/mas-demo-aks"
"56608c29-c876-4f36-8532-83b7db336e04","aks-userpool-32080101-vmss000000",2ec37bb572da7e750e9f7493425a9f271aef7006e863c4a3a7e894761513de71,"mas-app","mas-app-5fbfc6f798-sjrxp",default,"  File ""/app/main.py"", line 2, in <module>",stderr,"9/24/2025, 7:21:56.847 AM",,error,,ContainerLogV2,"/subscriptions/33ff7dc7-1c36-4d2b-b62b-e4374ca2dbff/resourcegroups/mas-demo-rg/providers/microsoft.containerservice/managedclusters/mas-demo-aks"
"56608c29-c876-4f36-8532-83b7db336e04","aks-userpool-32080101-vmss000000",2ec37bb572da7e750e9f7493425a9f271aef7006e863c4a3a7e894761513de71,"mas-app","mas-app-5fbfc6f798-sjrxp",default,"    from utils.config import config",stderr,"9/24/2025, 7:21:56.847 AM",,error,,ContainerLogV2,"/subscriptions/33ff7dc7-1c36-4d2b-b62b-e4374ca2dbff/resourcegroups/mas-demo-rg/providers/microsoft.containerservice/managedclusters/mas-demo-aks"
"56608c29-c876-4f36-8532-83b7db336e04","aks-userpool-32080101-vmss000000",2ec37bb572da7e750e9f7493425a9f271aef7006e863c4a3a7e894761513de71,"mas-app","mas-app-5fbfc6f798-sjrxp",default,"ModuleNotFoundError: No module named 'utils.config'",stderr,"9/24/2025, 7:21:56.847 AM",,error,,ContainerLogV2,"/subscriptions/33ff7dc7-1c36-4d2b-b62b-e4374ca2dbff/resourcegroups/mas-demo-rg/providers/microsoft.containerservice/managedclusters/mas-demo-aks"
"56608c29-c876-4f36-8532-83b7db336e04","aks-userpool-32080101-vmss000000",2d0863b7cf85d784976b09b47fbdf82e3871efe70f301eded8135c27204d7645,"mas-app","mas-app-5fbfc6f798-sjrxp",default,"Traceback (most recent call last):",stderr,"9/24/2025, 7:26:58.786 AM",,error,,ContainerLogV2,"/subscriptions/33ff7dc7-1c36-4d2b-b62b-e4374ca2dbff/resourcegroups/mas-demo-rg/providers/microsoft.containerservice/managedclusters/mas-demo-aks"
"56608c29-c876-4f36-8532-83b7db336e04","aks-userpool-32080101-vmss000000",2d0863b7cf85d784976b09b47fbdf82e3871efe70f301eded8135c27204d7645,"mas-app","mas-app-5fbfc6f798-sjrxp",default,"  File ""/app/main.py"", line 2, in <module>",stderr,"9/24/2025, 7:26:58.786 AM",,error,,ContainerLogV2,"/subscriptions/33ff7dc7-1c36-4d2b-b62b-e4374ca2dbff/resourcegroups/mas-demo-rg/providers/microsoft.containerservice/managedclusters/mas-demo-aks"
"56608c29-c876-4f36-8532-83b7db336e04","aks-userpool-32080101-vmss000000",2d0863b7cf85d784976b09b47fbdf82e3871efe70f301eded8135c27204d7645,"mas-app","mas-app-5fbfc6f798-sjrxp",default,"    from utils.config import config",stderr,"9/24/2025, 7:26:58.786 AM",,error,,ContainerLogV2,"/subscriptions/33ff7dc7-1c36-4d2b-b62b-e4374ca2dbff/resourcegroups/mas-demo-rg/providers/microsoft.containerservice/managedclusters/mas-demo-aks"
"56608c29-c876-4f36-8532-83b7db336e04","aks-userpool-32080101-vmss000000",2d0863b7cf85d784976b09b47fbdf82e3871efe70f301eded8135c27204d7645,"mas-app","mas-app-5fbfc6f798-sjrxp",default,"ModuleNotFoundError: No module named 'utils.config'",stderr,"9/24/2025, 7:26:58.786 AM",,error,,ContainerLogV2,"/subscriptions/33ff7dc7-1c36-4d2b-b62b-e4374ca2dbff/resourcegroups/mas-demo-rg/providers/microsoft.containerservice/managedclusters/mas-demo-aks"
"56608c29-c876-4f36-8532-83b7db336e04","aks-userpool-32080101-vmss000000",ce42efbd664aa5f98723b4038346207c3280bc6cfd28ba133f86cc03a9539ede,"mas-app","mas-app-5fbfc6f798-sjrxp",default,"Traceback (most recent call last):",stderr,"9/24/2025, 7:32:11.788 AM",,error,,ContainerLogV2,"/subscriptions/33ff7dc7-1c36-4d2b-b62b-e4374ca2dbff/resourcegroups/mas-demo-rg/providers/microsoft.containerservice/managedclusters/mas-demo-aks"
"56608c29-c876-4f36-8532-83b7db336e04","aks-userpool-32080101-vmss000000",ce42efbd664aa5f98723b4038346207c3280bc6cfd28ba133f86cc03a9539ede,"mas-app","mas-app-5fbfc6f798-sjrxp",default,"  File ""/app/main.py"", line 2, in <module>",stderr,"9/24/2025, 7:32:11.788 AM",,error,,ContainerLogV2,"/subscriptions/33ff7dc7-1c36-4d2b-b62b-e4374ca2dbff/resourcegroups/mas-demo-rg/providers/microsoft.containerservice/managedclusters/mas-demo-aks"
"56608c29-c876-4f36-8532-83b7db336e04","aks-userpool-32080101-vmss000000",ce42efbd664aa5f98723b4038346207c3280bc6cfd28ba133f86cc03a9539ede,"mas-app","mas-app-5fbfc6f798-sjrxp",default,"    from utils.config import config",stderr,"9/24/2025, 7:32:11.788 AM",,error,,ContainerLogV2,"/subscriptions/33ff7dc7-1c36-4d2b-b62b-e4374ca2dbff/resourcegroups/mas-demo-rg/providers/microsoft.containerservice/managedclusters/mas-demo-aks"
"56608c29-c876-4f36-8532-83b7db336e04","aks-userpool-32080101-vmss000000",ce42efbd664aa5f98723b4038346207c3280bc6cfd28ba133f86cc03a9539ede,"mas-app","mas-app-5fbfc6f798-sjrxp",default,"ModuleNotFoundError: No module named 'utils.config'",stderr,"9/24/2025, 7:32:11.788 AM",,error,,ContainerLogV2,"/subscriptions/33ff7dc7-1c36-4d2b-b62b-e4374ca2dbff/resourcegroups/mas-demo-rg/providers/microsoft.containerservice/managedclusters/mas-demo-aks"
"56608c29-c876-4f36-8532-83b7db336e04","aks-userpool-32080101-vmss000000",674929f72c8806156da1c750f779a9d65585e551aa297784ff3afea71e7156ce,"mas-app","mas-app-5fbfc6f798-sjrxp",default,"Traceback (most recent call last):",stderr,"9/24/2025, 7:37:17.803 AM",,error,,ContainerLogV2,"/subscriptions/33ff7dc7-1c36-4d2b-b62b-e4374ca2dbff/resourcegroups/mas-demo-rg/providers/microsoft.containerservice/managedclusters/mas-demo-aks"
"56608c29-c876-4f36-8532-83b7db336e04","aks-userpool-32080101-vmss000000",674929f72c8806156da1c750f779a9d65585e551aa297784ff3afea71e7156ce,"mas-app","mas-app-5fbfc6f798-sjrxp",default,"  File ""/app/main.py"", line 2, in <module>",stderr,"9/24/2025, 7:37:17.803 AM",,error,,ContainerLogV2,"/subscriptions/33ff7dc7-1c36-4d2b-b62b-e4374ca2dbff/resourcegroups/mas-demo-rg/providers/microsoft.containerservice/managedclusters/mas-demo-aks"
"56608c29-c876-4f36-8532-83b7db336e04","aks-userpool-32080101-vmss000000",674929f72c8806156da1c750f779a9d65585e551aa297784ff3afea71e7156ce,"mas-app","mas-app-5fbfc6f798-sjrxp",default,"    from utils.config import config",stderr,"9/24/2025, 7:37:17.803 AM",,error,,ContainerLogV2,"/subscriptions/33ff7dc7-1c36-4d2b-b62b-e4374ca2dbff/resourcegroups/mas-demo-rg/providers/microsoft.containerservice/managedclusters/mas-demo-aks"
"56608c29-c876-4f36-8532-83b7db336e04","aks-userpool-32080101-vmss000000",674929f72c8806156da1c750f779a9d65585e551aa297784ff3afea71e7156ce,"mas-app","mas-app-5fbfc6f798-sjrxp",default,"ModuleNotFoundError: No module named 'utils.config'",stderr,"9/24/2025, 7:37:17.803 AM",,error,,ContainerLogV2,"/subscriptions/33ff7dc7-1c36-4d2b-b62b-e4374ca2dbff/resourcegroups/mas-demo-rg/providers/microsoft.containerservice/managedclusters/mas-demo-aks"
"56608c29-c876-4f36-8532-83b7db336e04","aks-userpool-32080101-vmss000000",9522a3b0fc780280d984b9a83182837ba4ce4872b5fd9f115bf4549b2d63eba5,"mas-app","mas-app-5fbfc6f798-sjrxp",default,"Traceback (most recent call last):",stderr,"9/24/2025, 7:42:19.799 AM",,error,,ContainerLogV2,"/subscriptions/33ff7dc7-1c36-4d2b-b62b-e4374ca2dbff/resourcegroups/mas-demo-rg/providers/microsoft.containerservice/managedclusters/mas-demo-aks"
"56608c29-c876-4f36-8532-83b7db336e04","aks-userpool-32080101-vmss000000",9522a3b0fc780280d984b9a83182837ba4ce4872b5fd9f115bf4549b2d63eba5,"mas-app","mas-app-5fbfc6f798-sjrxp",default,"  File ""/app/main.py"", line 2, in <module>",stderr,"9/24/2025, 7:42:19.799 AM",,error,,ContainerLogV2,"/subscriptions/33ff7dc7-1c36-4d2b-b62b-e4374ca2dbff/resourcegroups/mas-demo-rg/providers/microsoft.containerservice/managedclusters/mas-demo-aks"
"56608c29-c876-4f36-8532-83b7db336e04","aks-userpool-32080101-vmss000000",9522a3b0fc780280d984b9a83182837ba4ce4872b5fd9f115bf4549b2d63eba5,"mas-app","mas-app-5fbfc6f798-sjrxp",default,"    from utils.config import config",stderr,"9/24/2025, 7:42:19.799 AM",,error,,ContainerLogV2,"/subscriptions/33ff7dc7-1c36-4d2b-b62b-e4374ca2dbff/resourcegroups/mas-demo-rg/providers/microsoft.containerservice/managedclusters/mas-demo-aks"
"56608c29-c876-4f36-8532-83b7db336e04","aks-userpool-32080101-vmss000000",9522a3b0fc780280d984b9a83182837ba4ce4872b5fd9f115bf4549b2d63eba5,"mas-app","mas-app-5fbfc6f798-sjrxp",default,"ModuleNotFoundError: No module named 'utils.config'",stderr,"9/24/2025, 7:42:19.799 AM",,error,,ContainerLogV2,"/subscriptions/33ff7dc7-1c36-4d2b-b62b-e4374ca2dbff/resourcegroups/mas-demo-rg/providers/microsoft.containerservice/managedclusters/mas-demo-aks"
"56608c29-c876-4f36-8532-83b7db336e04","aks-userpool-32080101-vmss000000",cb80cbaa06c684597e1a42aa0cd4eba77a236c0f06a68bd1808069fce077a453,"mas-app","mas-app-5fbfc6f798-sjrxp",default,"Traceback (most recent call last):",stderr,"9/24/2025, 7:47:28.823 AM",,error,,ContainerLogV2,"/subscriptions/33ff7dc7-1c36-4d2b-b62b-e4374ca2dbff/resourcegroups/mas-demo-rg/providers/microsoft.containerservice/managedclusters/mas-demo-aks"
"56608c29-c876-4f36-8532-83b7db336e04","aks-userpool-32080101-vmss000000",cb80cbaa06c684597e1a42aa0cd4eba77a236c0f06a68bd1808069fce077a453,"mas-app","mas-app-5fbfc6f798-sjrxp",default,"  File ""/app/main.py"", line 2, in <module>",stderr,"9/24/2025, 7:47:28.823 AM",,error,,ContainerLogV2,"/subscriptions/33ff7dc7-1c36-4d2b-b62b-e4374ca2dbff/resourcegroups/mas-demo-rg/providers/microsoft.containerservice/managedclusters/mas-demo-aks"
"56608c29-c876-4f36-8532-83b7db336e04","aks-userpool-32080101-vmss000000",cb80cbaa06c684597e1a42aa0cd4eba77a236c0f06a68bd1808069fce077a453,"mas-app","mas-app-5fbfc6f798-sjrxp",default,"    from utils.config import config",stderr,"9/24/2025, 7:47:28.824 AM",,error,,ContainerLogV2,"/subscriptions/33ff7dc7-1c36-4d2b-b62b-e4374ca2dbff/resourcegroups/mas-demo-rg/providers/microsoft.containerservice/managedclusters/mas-demo-aks"
"56608c29-c876-4f36-8532-83b7db336e04","aks-userpool-32080101-vmss000000",cb80cbaa06c684597e1a42aa0cd4eba77a236c0f06a68bd1808069fce077a453,"mas-app","mas-app-5fbfc6f798-sjrxp",default,"ModuleNotFoundError: No module named 'utils.config'",stderr,"9/24/2025, 7:47:28.824 AM",,error,,ContainerLogV2,"/subscriptions/33ff7dc7-1c36-4d2b-b62b-e4374ca2dbff/resourcegroups/mas-demo-rg/providers/microsoft.containerservice/managedclusters/mas-demo-aks"
"56608c29-c876-4f36-8532-83b7db336e04","aks-userpool-32080101-vmss000000",bef71ec44e7a0d90068261dbfcf30c8f9f88f31d7eb72fe2f4e21cccb57ef381,"mas-app","mas-app-5fbfc6f798-sjrxp",default,"Traceback (most recent call last):",stderr,"9/24/2025, 7:52:37.809 AM",,error,,ContainerLogV2,"/subscriptions/33ff7dc7-1c36-4d2b-b62b-e4374ca2dbff/resourcegroups/mas-demo-rg/providers/microsoft.containerservice/managedclusters/mas-demo-aks"
"56608c29-c876-4f36-8532-83b7db336e04","aks-userpool-32080101-vmss000000",bef71ec44e7a0d90068261dbfcf30c8f9f88f31d7eb72fe2f4e21cccb57ef381,"mas-app","mas-app-5fbfc6f798-sjrxp",default,"  File ""/app/main.py"", line 2, in <module>",stderr,"9/24/2025, 7:52:37.809 AM",,error,,ContainerLogV2,"/subscriptions/33ff7dc7-1c36-4d2b-b62b-e4374ca2dbff/resourcegroups/mas-demo-rg/providers/microsoft.containerservice/managedclusters/mas-demo-aks"
"56608c29-c876-4f36-8532-83b7db336e04","aks-userpool-32080101-vmss000000",bef71ec44e7a0d90068261dbfcf30c8f9f88f31d7eb72fe2f4e21cccb57ef381,"mas-app","mas-app-5fbfc6f798-sjrxp",default,"    from utils.config import config",stderr,"9/24/2025, 7:52:37.809 AM",,error,,ContainerLogV2,"/subscriptions/33ff7dc7-1c36-4d2b-b62b-e4374ca2dbff/resourcegroups/mas-demo-rg/providers/microsoft.containerservice/managedclusters/mas-demo-aks"
"56608c29-c876-4f36-8532-83b7db336e04","aks-userpool-32080101-vmss000000",bef71ec44e7a0d90068261dbfcf30c8f9f88f31d7eb72fe2f4e21cccb57ef381,"mas-app","mas-app-5fbfc6f798-sjrxp",default,"ModuleNotFoundError: No module named 'utils.config'",stderr,"9/24/2025, 7:52:37.809 AM",,error,,ContainerLogV2,"/subscriptions/33ff7dc7-1c36-4d2b-b62b-e4374ca2dbff/resourcegroups/mas-demo-rg/providers/microsoft.containerservice/managedclusters/mas-demo-aks"
"56608c29-c876-4f36-8532-83b7db336e04","aks-userpool-32080101-vmss000000",6f482e2281318872fc80e43489eabf7454c9ccb5c70d6bdaa1e4dcb4921dd372,"mas-app","mas-app-5fbfc6f798-sjrxp",default,"Traceback (most recent call last):",stderr,"9/24/2025, 7:57:38.860 AM",,error,,ContainerLogV2,"/subscriptions/33ff7dc7-1c36-4d2b-b62b-e4374ca2dbff/resourcegroups/mas-demo-rg/providers/microsoft.containerservice/managedclusters/mas-demo-aks"
"56608c29-c876-4f36-8532-83b7db336e04","aks-userpool-32080101-vmss000000",6f482e2281318872fc80e43489eabf7454c9ccb5c70d6bdaa1e4dcb4921dd372,"mas-app","mas-app-5fbfc6f798-sjrxp",default,"  File ""/app/main.py"", line 2, in <module>",stderr,"9/24/2025, 7:57:38.860 AM",,error,,ContainerLogV2,"/subscriptions/33ff7dc7-1c36-4d2b-b62b-e4374ca2dbff/resourcegroups/mas-demo-rg/providers/microsoft.containerservice/managedclusters/mas-demo-aks"
"56608c29-c876-4f36-8532-83b7db336e04","aks-userpool-32080101-vmss000000",6f482e2281318872fc80e43489eabf7454c9ccb5c70d6bdaa1e4dcb4921dd372,"mas-app","mas-app-5fbfc6f798-sjrxp",default,"    from utils.config import config",stderr,"9/24/2025, 7:57:38.860 AM",,error,,ContainerLogV2,"/subscriptions/33ff7dc7-1c36-4d2b-b62b-e4374ca2dbff/resourcegroups/mas-demo-rg/providers/microsoft.containerservice/managedclusters/mas-demo-aks"
"56608c29-c876-4f36-8532-83b7db336e04","aks-userpool-32080101-vmss000000",6f482e2281318872fc80e43489eabf7454c9ccb5c70d6bdaa1e4dcb4921dd372,"mas-app","mas-app-5fbfc6f798-sjrxp",default,"ModuleNotFoundError: No module named 'utils.config'",stderr,"9/24/2025, 7:57:38.860 AM",,error,,ContainerLogV2,"/subscriptions/33ff7dc7-1c36-4d2b-b62b-e4374ca2dbff/resourcegroups/mas-demo-rg/providers/microsoft.containerservice/managedclusters/mas-demo-aks"
"56608c29-c876-4f36-8532-83b7db336e04","aks-userpool-32080101-vmss000000",1aebcff5839a412d512cb76e738f282fc0fc288d8110d1a9128aea395847f3ec,"mas-app","mas-app-5fbfc6f798-sjrxp",default,"Traceback (most recent call last):",stderr,"9/24/2025, 8:02:41.910 AM",,error,,ContainerLogV2,"/subscriptions/33ff7dc7-1c36-4d2b-b62b-e4374ca2dbff/resourcegroups/mas-demo-rg/providers/microsoft.containerservice/managedclusters/mas-demo-aks"
"56608c29-c876-4f36-8532-83b7db336e04","aks-userpool-32080101-vmss000000",1aebcff5839a412d512cb76e738f282fc0fc288d8110d1a9128aea395847f3ec,"mas-app","mas-app-5fbfc6f798-sjrxp",default,"  File ""/app/main.py"", line 2, in <module>",stderr,"9/24/2025, 8:02:41.910 AM",,error,,ContainerLogV2,"/subscriptions/33ff7dc7-1c36-4d2b-b62b-e4374ca2dbff/resourcegroups/mas-demo-rg/providers/microsoft.containerservice/managedclusters/mas-demo-aks"
"56608c29-c876-4f36-8532-83b7db336e04","aks-userpool-32080101-vmss000000",1aebcff5839a412d512cb76e738f282fc0fc288d8110d1a9128aea395847f3ec,"mas-app","mas-app-5fbfc6f798-sjrxp",default,"    from utils.config import config",stderr,"9/24/2025, 8:02:41.910 AM",,error,,ContainerLogV2,"/subscriptions/33ff7dc7-1c36-4d2b-b62b-e4374ca2dbff/resourcegroups/mas-demo-rg/providers/microsoft.containerservice/managedclusters/mas-demo-aks"
"56608c29-c876-4f36-8532-83b7db336e04","aks-userpool-32080101-vmss000000",1aebcff5839a412d512cb76e738f282fc0fc288d8110d1a9128aea395847f3ec,"mas-app","mas-app-5fbfc6f798-sjrxp",default,"ModuleNotFoundError: No module named 'utils.config'",stderr,"9/24/2025, 8:02:41.910 AM",,error,,ContainerLogV2,"/subscriptions/33ff7dc7-1c36-4d2b-b62b-e4374ca2dbff/resourcegroups/mas-demo-rg/providers/microsoft.containerservice/managedclusters/mas-demo-aks"
"56608c29-c876-4f36-8532-83b7db336e04","aks-userpool-32080101-vmss000000",1d2a37a442ceb6e28fc8a84e2ad5c417d05f6ef07e19424fae9ce6db3d83f576,"mas-app","mas-app-5fbfc6f798-sjrxp",default,"Traceback (most recent call last):",stderr,"9/24/2025, 8:07:49.867 AM",,error,,ContainerLogV2,"/subscriptions/33ff7dc7-1c36-4d2b-b62b-e4374ca2dbff/resourcegroups/mas-demo-rg/providers/microsoft.containerservice/managedclusters/mas-demo-aks"
"56608c29-c876-4f36-8532-83b7db336e04","aks-userpool-32080101-vmss000000",1d2a37a442ceb6e28fc8a84e2ad5c417d05f6ef07e19424fae9ce6db3d83f576,"mas-app","mas-app-5fbfc6f798-sjrxp",default,"  File ""/app/main.py"", line 2, in <module>",stderr,"9/24/2025, 8:07:49.867 AM",,error,,ContainerLogV2,"/subscriptions/33ff7dc7-1c36-4d2b-b62b-e4374ca2dbff/resourcegroups/mas-demo-rg/providers/microsoft.containerservice/managedclusters/mas-demo-aks"
"56608c29-c876-4f36-8532-83b7db336e04","aks-userpool-32080101-vmss000000",1d2a37a442ceb6e28fc8a84e2ad5c417d05f6ef07e19424fae9ce6db3d83f576,"mas-app","mas-app-5fbfc6f798-sjrxp",default,"    from utils.config import config",stderr,"9/24/2025, 8:07:49.867 AM",,error,,ContainerLogV2,"/subscriptions/33ff7dc7-1c36-4d2b-b62b-e4374ca2dbff/resourcegroups/mas-demo-rg/providers/microsoft.containerservice/managedclusters/mas-demo-aks"
"56608c29-c876-4f36-8532-83b7db336e04","aks-userpool-32080101-vmss000000",1d2a37a442ceb6e28fc8a84e2ad5c417d05f6ef07e19424fae9ce6db3d83f576,"mas-app","mas-app-5fbfc6f798-sjrxp",default,"ModuleNotFoundError: No module named 'utils.config'",stderr,"9/24/2025, 8:07:49.867 AM",,error,,ContainerLogV2,"/subscriptions/33ff7dc7-1c36-4d2b-b62b-e4374ca2dbff/resourcegroups/mas-demo-rg/providers/microsoft.containerservice/managedclusters/mas-demo-aks"
"56608c29-c876-4f36-8532-83b7db336e04","aks-userpool-32080101-vmss000000",c809e92c64e8a1d88d11f399672bfd2faa59a68ca077c51ec60fb8ca3e2d4f8b,"mas-app","mas-app-5fbfc6f798-sjrxp",default,"Traceback (most recent call last):",stderr,"9/24/2025, 8:12:56.856 AM",,error,,ContainerLogV2,"/subscriptions/33ff7dc7-1c36-4d2b-b62b-e4374ca2dbff/resourcegroups/mas-demo-rg/providers/microsoft.containerservice/managedclusters/mas-demo-aks"
"56608c29-c876-4f36-8532-83b7db336e04","aks-userpool-32080101-vmss000000",c809e92c64e8a1d88d11f399672bfd2faa59a68ca077c51ec60fb8ca3e2d4f8b,"mas-app","mas-app-5fbfc6f798-sjrxp",default,"  File ""/app/main.py"", line 2, in <module>",stderr,"9/24/2025, 8:12:56.856 AM",,error,,ContainerLogV2,"/subscriptions/33ff7dc7-1c36-4d2b-b62b-e4374ca2dbff/resourcegroups/mas-demo-rg/providers/microsoft.containerservice/managedclusters/mas-demo-aks"
"56608c29-c876-4f36-8532-83b7db336e04","aks-userpool-32080101-vmss000000",c809e92c64e8a1d88d11f399672bfd2faa59a68ca077c51ec60fb8ca3e2d4f8b,"mas-app","mas-app-5fbfc6f798-sjrxp",default,"    from utils.config import config",stderr,"9/24/2025, 8:12:56.856 AM",,error,,ContainerLogV2,"/subscriptions/33ff7dc7-1c36-4d2b-b62b-e4374ca2dbff/resourcegroups/mas-demo-rg/providers/microsoft.containerservice/managedclusters/mas-demo-aks"
"56608c29-c876-4f36-8532-83b7db336e04","aks-userpool-32080101-vmss000000",c809e92c64e8a1d88d11f399672bfd2faa59a68ca077c51ec60fb8ca3e2d4f8b,"mas-app","mas-app-5fbfc6f798-sjrxp",default,"ModuleNotFoundError: No module named 'utils.config'",stderr,"9/24/2025, 8:12:56.856 AM",,error,,ContainerLogV2,"/subscriptions/33ff7dc7-1c36-4d2b-b62b-e4374ca2dbff/resourcegroups/mas-demo-rg/providers/microsoft.containerservice/managedclusters/mas-demo-aks"
"56608c29-c876-4f36-8532-83b7db336e04","aks-userpool-32080101-vmss000000",113775183893fc6fc49da2243dcac7bd430eb49bbc07b1f689ae6e285692a5ca,"mas-app","mas-app-5fbfc6f798-sjrxp",default,"Traceback (most recent call last):",stderr,"9/24/2025, 8:17:58.804 AM",,error,,ContainerLogV2,"/subscriptions/33ff7dc7-1c36-4d2b-b62b-e4374ca2dbff/resourcegroups/mas-demo-rg/providers/microsoft.containerservice/managedclusters/mas-demo-aks"
"56608c29-c876-4f36-8532-83b7db336e04","aks-userpool-32080101-vmss000000",113775183893fc6fc49da2243dcac7bd430eb49bbc07b1f689ae6e285692a5ca,"mas-app","mas-app-5fbfc6f798-sjrxp",default,"  File ""/app/main.py"", line 2, in <module>",stderr,"9/24/2025, 8:17:58.804 AM",,error,,ContainerLogV2,"/subscriptions/33ff7dc7-1c36-4d2b-b62b-e4374ca2dbff/resourcegroups/mas-demo-rg/providers/microsoft.containerservice/managedclusters/mas-demo-aks"
"56608c29-c876-4f36-8532-83b7db336e04","aks-userpool-32080101-vmss000000",113775183893fc6fc49da2243dcac7bd430eb49bbc07b1f689ae6e285692a5ca,"mas-app","mas-app-5fbfc6f798-sjrxp",default,"    from utils.config import config",stderr,"9/24/2025, 8:17:58.804 AM",,error,,ContainerLogV2,"/subscriptions/33ff7dc7-1c36-4d2b-b62b-e4374ca2dbff/resourcegroups/mas-demo-rg/providers/microsoft.containerservice/managedclusters/mas-demo-aks"
"56608c29-c876-4f36-8532-83b7db336e04","aks-userpool-32080101-vmss000000",113775183893fc6fc49da2243dcac7bd430eb49bbc07b1f689ae6e285692a5ca,"mas-app","mas-app-5fbfc6f798-sjrxp",default,"ModuleNotFoundError: No module named 'utils.config'",stderr,"9/24/2025, 8:17:58.804 AM",,error,,ContainerLogV2,"/subscriptions/33ff7dc7-1c36-4d2b-b62b-e4374ca2dbff/resourcegroups/mas-demo-rg/providers/microsoft.containerservice/managedclusters/mas-demo-aks"
"56608c29-c876-4f36-8532-83b7db336e04","aks-userpool-32080101-vmss000000",6a90e64bef8d7bf14d68c4f1aaa425163c850c9f62fdfdc9b61b08b77459d7b0,"mas-app","mas-app-5fbfc6f798-sjrxp",default,"Traceback (most recent call last):",stderr,"9/24/2025, 8:23:11.833 AM",,error,,ContainerLogV2,"/subscriptions/33ff7dc7-1c36-4d2b-b62b-e4374ca2dbff/resourcegroups/mas-demo-rg/providers/microsoft.containerservice/managedclusters/mas-demo-aks"
"56608c29-c876-4f36-8532-83b7db336e04","aks-userpool-32080101-vmss000000",6a90e64bef8d7bf14d68c4f1aaa425163c850c9f62fdfdc9b61b08b77459d7b0,"mas-app","mas-app-5fbfc6f798-sjrxp",default,"  File ""/app/main.py"", line 2, in <module>",stderr,"9/24/2025, 8:23:11.833 AM",,error,,ContainerLogV2,"/subscriptions/33ff7dc7-1c36-4d2b-b62b-e4374ca2dbff/resourcegroups/mas-demo-rg/providers/microsoft.containerservice/managedclusters/mas-demo-aks"
"56608c29-c876-4f36-8532-83b7db336e04","aks-userpool-32080101-vmss000000",6a90e64bef8d7bf14d68c4f1aaa425163c850c9f62fdfdc9b61b08b77459d7b0,"mas-app","mas-app-5fbfc6f798-sjrxp",default,"    from utils.config import config",stderr,"9/24/2025, 8:23:11.833 AM",,error,,ContainerLogV2,"/subscriptions/33ff7dc7-1c36-4d2b-b62b-e4374ca2dbff/resourcegroups/mas-demo-rg/providers/microsoft.containerservice/managedclusters/mas-demo-aks"
"56608c29-c876-4f36-8532-83b7db336e04","aks-userpool-32080101-vmss000000",6a90e64bef8d7bf14d68c4f1aaa425163c850c9f62fdfdc9b61b08b77459d7b0,"mas-app","mas-app-5fbfc6f798-sjrxp",default,"ModuleNotFoundError: No module named 'utils.config'",stderr,"9/24/2025, 8:23:11.833 AM",,error,,ContainerLogV2,"/subscriptions/33ff7dc7-1c36-4d2b-b62b-e4374ca2dbff/resourcegroups/mas-demo-rg/providers/microsoft.containerservice/managedclusters/mas-demo-aks"
"56608c29-c876-4f36-8532-83b7db336e04","aks-userpool-32080101-vmss000000",642fcbe6376eb4407d9b27c49fbea989faddf8787bc5a38c877e39b97cf02c73,"mas-app","mas-app-5fbfc6f798-sjrxp",default,"Traceback (most recent call last):",stderr,"9/24/2025, 8:28:22.819 AM",,error,,ContainerLogV2,"/subscriptions/33ff7dc7-1c36-4d2b-b62b-e4374ca2dbff/resourcegroups/mas-demo-rg/providers/microsoft.containerservice/managedclusters/mas-demo-aks"
"56608c29-c876-4f36-8532-83b7db336e04","aks-userpool-32080101-vmss000000",642fcbe6376eb4407d9b27c49fbea989faddf8787bc5a38c877e39b97cf02c73,"mas-app","mas-app-5fbfc6f798-sjrxp",default,"  File ""/app/main.py"", line 2, in <module>",stderr,"9/24/2025, 8:28:22.819 AM",,error,,ContainerLogV2,"/subscriptions/33ff7dc7-1c36-4d2b-b62b-e4374ca2dbff/resourcegroups/mas-demo-rg/providers/microsoft.containerservice/managedclusters/mas-demo-aks"
"56608c29-c876-4f36-8532-83b7db336e04","aks-userpool-32080101-vmss000000",642fcbe6376eb4407d9b27c49fbea989faddf8787bc5a38c877e39b97cf02c73,"mas-app","mas-app-5fbfc6f798-sjrxp",default,"    from utils.config import config",stderr,"9/24/2025, 8:28:22.820 AM",,error,,ContainerLogV2,"/subscriptions/33ff7dc7-1c36-4d2b-b62b-e4374ca2dbff/resourcegroups/mas-demo-rg/providers/microsoft.containerservice/managedclusters/mas-demo-aks"
"56608c29-c876-4f36-8532-83b7db336e04","aks-userpool-32080101-vmss000000",642fcbe6376eb4407d9b27c49fbea989faddf8787bc5a38c877e39b97cf02c73,"mas-app","mas-app-5fbfc6f798-sjrxp",default,"ModuleNotFoundError: No module named 'utils.config'",stderr,"9/24/2025, 8:28:22.820 AM",,error,,ContainerLogV2,"/subscriptions/33ff7dc7-1c36-4d2b-b62b-e4374ca2dbff/resourcegroups/mas-demo-rg/providers/microsoft.containerservice/managedclusters/mas-demo-aks"
"56608c29-c876-4f36-8532-83b7db336e04","aks-userpool-32080101-vmss000000",76427a9bc70e1381c29a507716067e2adddd5ead573c1dca49334c9e750e5ec4,"mas-app","mas-app-5fbfc6f798-sjrxp",default,"Traceback (most recent call last):",stderr,"9/24/2025, 8:33:27.198 AM",,error,,ContainerLogV2,"/subscriptions/33ff7dc7-1c36-4d2b-b62b-e4374ca2dbff/resourcegroups/mas-demo-rg/providers/microsoft.containerservice/managedclusters/mas-demo-aks"
"56608c29-c876-4f36-8532-83b7db336e04","aks-userpool-32080101-vmss000000",76427a9bc70e1381c29a507716067e2adddd5ead573c1dca49334c9e750e5ec4,"mas-app","mas-app-5fbfc6f798-sjrxp",default,"  File ""/app/main.py"", line 2, in <module>",stderr,"9/24/2025, 8:33:27.198 AM",,error,,ContainerLogV2,"/subscriptions/33ff7dc7-1c36-4d2b-b62b-e4374ca2dbff/resourcegroups/mas-demo-rg/providers/microsoft.containerservice/managedclusters/mas-demo-aks"
"56608c29-c876-4f36-8532-83b7db336e04","aks-userpool-32080101-vmss000000",76427a9bc70e1381c29a507716067e2adddd5ead573c1dca49334c9e750e5ec4,"mas-app","mas-app-5fbfc6f798-sjrxp",default,"    from utils.config import config",stderr,"9/24/2025, 8:33:27.198 AM",,error,,ContainerLogV2,"/subscriptions/33ff7dc7-1c36-4d2b-b62b-e4374ca2dbff/resourcegroups/mas-demo-rg/providers/microsoft.containerservice/managedclusters/mas-demo-aks"
"56608c29-c876-4f36-8532-83b7db336e04","aks-userpool-32080101-vmss000000",76427a9bc70e1381c29a507716067e2adddd5ead573c1dca49334c9e750e5ec4,"mas-app","mas-app-5fbfc6f798-sjrxp",default,"ModuleNotFoundError: No module named 'utils.config'",stderr,"9/24/2025, 8:33:27.198 AM",,error,,ContainerLogV2,"/subscriptions/33ff7dc7-1c36-4d2b-b62b-e4374ca2dbff/resourcegroups/mas-demo-rg/providers/microsoft.containerservice/managedclusters/mas-demo-aks"
"56608c29-c876-4f36-8532-83b7db336e04","aks-userpool-32080101-vmss000000",dc5ca87b9c29b2f7f07b66288edf968dfcc1a3c35a3f13702576c1621d7d4731,"mas-app","mas-app-5fbfc6f798-sjrxp",default,"Traceback (most recent call last):",stderr,"9/24/2025, 8:38:42.767 AM",,error,,ContainerLogV2,"/subscriptions/33ff7dc7-1c36-4d2b-b62b-e4374ca2dbff/resourcegroups/mas-demo-rg/providers/microsoft.containerservice/managedclusters/mas-demo-aks"
"56608c29-c876-4f36-8532-83b7db336e04","aks-userpool-32080101-vmss000000",dc5ca87b9c29b2f7f07b66288edf968dfcc1a3c35a3f13702576c1621d7d4731,"mas-app","mas-app-5fbfc6f798-sjrxp",default,"  File ""/app/main.py"", line 2, in <module>",stderr,"9/24/2025, 8:38:42.767 AM",,error,,ContainerLogV2,"/subscriptions/33ff7dc7-1c36-4d2b-b62b-e4374ca2dbff/resourcegroups/mas-demo-rg/providers/microsoft.containerservice/managedclusters/mas-demo-aks"
"56608c29-c876-4f36-8532-83b7db336e04","aks-userpool-32080101-vmss000000",dc5ca87b9c29b2f7f07b66288edf968dfcc1a3c35a3f13702576c1621d7d4731,"mas-app","mas-app-5fbfc6f798-sjrxp",default,"    from utils.config import config",stderr,"9/24/2025, 8:38:42.767 AM",,error,,ContainerLogV2,"/subscriptions/33ff7dc7-1c36-4d2b-b62b-e4374ca2dbff/resourcegroups/mas-demo-rg/providers/microsoft.containerservice/managedclusters/mas-demo-aks"
"56608c29-c876-4f36-8532-83b7db336e04","aks-userpool-32080101-vmss000000",dc5ca87b9c29b2f7f07b66288edf968dfcc1a3c35a3f13702576c1621d7d4731,"mas-app","mas-app-5fbfc6f798-sjrxp",default,"ModuleNotFoundError: No module named 'utils.config'",stderr,"9/24/2025, 8:38:42.767 AM",,error,,ContainerLogV2,"/subscriptions/33ff7dc7-1c36-4d2b-b62b-e4374ca2dbff/resourcegroups/mas-demo-rg/providers/microsoft.containerservice/managedclusters/mas-demo-aks"
"56608c29-c876-4f36-8532-83b7db336e04","aks-userpool-32080101-vmss000000",04b5888cc29e977c5f88053be62c2c870939312c5174840308a4e418b427fe06,"mas-app","mas-app-5fbfc6f798-sjrxp",default,"Traceback (most recent call last):",stderr,"9/24/2025, 8:43:47.840 AM",,error,,ContainerLogV2,"/subscriptions/33ff7dc7-1c36-4d2b-b62b-e4374ca2dbff/resourcegroups/mas-demo-rg/providers/microsoft.containerservice/managedclusters/mas-demo-aks"
"56608c29-c876-4f36-8532-83b7db336e04","aks-userpool-32080101-vmss000000",04b5888cc29e977c5f88053be62c2c870939312c5174840308a4e418b427fe06,"mas-app","mas-app-5fbfc6f798-sjrxp",default,"  File ""/app/main.py"", line 2, in <module>",stderr,"9/24/2025, 8:43:47.840 AM",,error,,ContainerLogV2,"/subscriptions/33ff7dc7-1c36-4d2b-b62b-e4374ca2dbff/resourcegroups/mas-demo-rg/providers/microsoft.containerservice/managedclusters/mas-demo-aks"
"56608c29-c876-4f36-8532-83b7db336e04","aks-userpool-32080101-vmss000000",04b5888cc29e977c5f88053be62c2c870939312c5174840308a4e418b427fe06,"mas-app","mas-app-5fbfc6f798-sjrxp",default,"    from utils.config import config",stderr,"9/24/2025, 8:43:47.840 AM",,error,,ContainerLogV2,"/subscriptions/33ff7dc7-1c36-4d2b-b62b-e4374ca2dbff/resourcegroups/mas-demo-rg/providers/microsoft.containerservice/managedclusters/mas-demo-aks"
"56608c29-c876-4f36-8532-83b7db336e04","aks-userpool-32080101-vmss000000",04b5888cc29e977c5f88053be62c2c870939312c5174840308a4e418b427fe06,"mas-app","mas-app-5fbfc6f798-sjrxp",default,"ModuleNotFoundError: No module named 'utils.config'",stderr,"9/24/2025, 8:43:47.840 AM",,error,,ContainerLogV2,"/subscriptions/33ff7dc7-1c36-4d2b-b62b-e4374ca2dbff/resourcegroups/mas-demo-rg/providers/microsoft.containerservice/managedclusters/mas-demo-aks"
"56608c29-c876-4f36-8532-83b7db336e04","aks-userpool-32080101-vmss000000",cecb32fc3af0079a947ee3f213be9cc9d7787d1a2ffaa245883f50ead06b20b7,"mas-app","mas-app-5fbfc6f798-sjrxp",default,"Traceback (most recent call last):",stderr,"9/24/2025, 8:48:57.725 AM",,error,,ContainerLogV2,"/subscriptions/33ff7dc7-1c36-4d2b-b62b-e4374ca2dbff/resourcegroups/mas-demo-rg/providers/microsoft.containerservice/managedclusters/mas-demo-aks"
"56608c29-c876-4f36-8532-83b7db336e04","aks-userpool-32080101-vmss000000",cecb32fc3af0079a947ee3f213be9cc9d7787d1a2ffaa245883f50ead06b20b7,"mas-app","mas-app-5fbfc6f798-sjrxp",default,"  File ""/app/main.py"", line 2, in <module>",stderr,"9/24/2025, 8:48:57.726 AM",,error,,ContainerLogV2,"/subscriptions/33ff7dc7-1c36-4d2b-b62b-e4374ca2dbff/resourcegroups/mas-demo-rg/providers/microsoft.containerservice/managedclusters/mas-demo-aks"
"56608c29-c876-4f36-8532-83b7db336e04","aks-userpool-32080101-vmss000000",cecb32fc3af0079a947ee3f213be9cc9d7787d1a2ffaa245883f50ead06b20b7,"mas-app","mas-app-5fbfc6f798-sjrxp",default,"    from utils.config import config",stderr,"9/24/2025, 8:48:57.726 AM",,error,,ContainerLogV2,"/subscriptions/33ff7dc7-1c36-4d2b-b62b-e4374ca2dbff/resourcegroups/mas-demo-rg/providers/microsoft.containerservice/managedclusters/mas-demo-aks"
"56608c29-c876-4f36-8532-83b7db336e04","aks-userpool-32080101-vmss000000",cecb32fc3af0079a947ee3f213be9cc9d7787d1a2ffaa245883f50ead06b20b7,"mas-app","mas-app-5fbfc6f798-sjrxp",default,"ModuleNotFoundError: No module named 'utils.config'",stderr,"9/24/2025, 8:48:57.726 AM",,error,,ContainerLogV2,"/subscriptions/33ff7dc7-1c36-4d2b-b62b-e4374ca2dbff/resourcegroups/mas-demo-rg/providers/microsoft.containerservice/managedclusters/mas-demo-aks"
"56608c29-c876-4f36-8532-83b7db336e04","aks-userpool-32080101-vmss000000",6afd4e2fac7b5d1c5c7906e59aa65bf8757c39964e3c13b92ea3f65f8b563955,"mas-app","mas-app-5fbfc6f798-sjrxp",default,"Traceback (most recent call last):",stderr,"9/24/2025, 8:54:04.584 AM",,error,,ContainerLogV2,"/subscriptions/33ff7dc7-1c36-4d2b-b62b-e4374ca2dbff/resourcegroups/mas-demo-rg/providers/microsoft.containerservice/managedclusters/mas-demo-aks"
"56608c29-c876-4f36-8532-83b7db336e04","aks-userpool-32080101-vmss000000",6afd4e2fac7b5d1c5c7906e59aa65bf8757c39964e3c13b92ea3f65f8b563955,"mas-app","mas-app-5fbfc6f798-sjrxp",default,"  File ""/app/main.py"", line 2, in <module>",stderr,"9/24/2025, 8:54:04.584 AM",,error,,ContainerLogV2,"/subscriptions/33ff7dc7-1c36-4d2b-b62b-e4374ca2dbff/resourcegroups/mas-demo-rg/providers/microsoft.containerservice/managedclusters/mas-demo-aks"
"56608c29-c876-4f36-8532-83b7db336e04","aks-userpool-32080101-vmss000000",6afd4e2fac7b5d1c5c7906e59aa65bf8757c39964e3c13b92ea3f65f8b563955,"mas-app","mas-app-5fbfc6f798-sjrxp",default,"    from utils.config import config",stderr,"9/24/2025, 8:54:04.585 AM",,error,,ContainerLogV2,"/subscriptions/33ff7dc7-1c36-4d2b-b62b-e4374ca2dbff/resourcegroups/mas-demo-rg/providers/microsoft.containerservice/managedclusters/mas-demo-aks"
"56608c29-c876-4f36-8532-83b7db336e04","aks-userpool-32080101-vmss000000",6afd4e2fac7b5d1c5c7906e59aa65bf8757c39964e3c13b92ea3f65f8b563955,"mas-app","mas-app-5fbfc6f798-sjrxp",default,"ModuleNotFoundError: No module named 'utils.config'",stderr,"9/24/2025, 8:54:04.585 AM",,error,,ContainerLogV2,"/subscriptions/33ff7dc7-1c36-4d2b-b62b-e4374ca2dbff/resourcegroups/mas-demo-rg/providers/microsoft.containerservice/managedclusters/mas-demo-aks"
"56608c29-c876-4f36-8532-83b7db336e04","aks-userpool-32080101-vmss000000",8649662b65eaff2be7a8c35c18ea044fd34ecea6ff27a7388b1f1bb9a3f11c3d,"mas-app","mas-app-5fbfc6f798-sjrxp",default,"Traceback (most recent call last):",stderr,"9/24/2025, 9:24:59.825 AM",,error,,ContainerLogV2,"/subscriptions/33ff7dc7-1c36-4d2b-b62b-e4374ca2dbff/resourcegroups/mas-demo-rg/providers/microsoft.containerservice/managedclusters/mas-demo-aks"
"56608c29-c876-4f36-8532-83b7db336e04","aks-userpool-32080101-vmss000000",8649662b65eaff2be7a8c35c18ea044fd34ecea6ff27a7388b1f1bb9a3f11c3d,"mas-app","mas-app-5fbfc6f798-sjrxp",default,"  File ""/app/main.py"", line 2, in <module>",stderr,"9/24/2025, 9:24:59.825 AM",,error,,ContainerLogV2,"/subscriptions/33ff7dc7-1c36-4d2b-b62b-e4374ca2dbff/resourcegroups/mas-demo-rg/providers/microsoft.containerservice/managedclusters/mas-demo-aks"
"56608c29-c876-4f36-8532-83b7db336e04","aks-userpool-32080101-vmss000000",8649662b65eaff2be7a8c35c18ea044fd34ecea6ff27a7388b1f1bb9a3f11c3d,"mas-app","mas-app-5fbfc6f798-sjrxp",default,"    from utils.config import config",stderr,"9/24/2025, 9:24:59.825 AM",,error,,ContainerLogV2,"/subscriptions/33ff7dc7-1c36-4d2b-b62b-e4374ca2dbff/resourcegroups/mas-demo-rg/providers/microsoft.containerservice/managedclusters/mas-demo-aks"
"56608c29-c876-4f36-8532-83b7db336e04","aks-userpool-32080101-vmss000000",8649662b65eaff2be7a8c35c18ea044fd34ecea6ff27a7388b1f1bb9a3f11c3d,"mas-app","mas-app-5fbfc6f798-sjrxp",default,"ModuleNotFoundError: No module named 'utils.config'",stderr,"9/24/2025, 9:24:59.825 AM",,error,,ContainerLogV2,"/subscriptions/33ff7dc7-1c36-4d2b-b62b-e4374ca2dbff/resourcegroups/mas-demo-rg/providers/microsoft.containerservice/managedclusters/mas-demo-aks"
"56608c29-c876-4f36-8532-83b7db336e04","aks-userpool-32080101-vmss000000",a4f87e46267a040beb16d86dc31e1d1ba3a18b70a61a3c8d9b3f0dbc71983b75,"mas-app","mas-app-5fbfc6f798-sjrxp",default,"Traceback (most recent call last):",stderr,"9/24/2025, 9:30:07.805 AM",,error,,ContainerLogV2,"/subscriptions/33ff7dc7-1c36-4d2b-b62b-e4374ca2dbff/resourcegroups/mas-demo-rg/providers/microsoft.containerservice/managedclusters/mas-demo-aks"
"56608c29-c876-4f36-8532-83b7db336e04","aks-userpool-32080101-vmss000000",a4f87e46267a040beb16d86dc31e1d1ba3a18b70a61a3c8d9b3f0dbc71983b75,"mas-app","mas-app-5fbfc6f798-sjrxp",default,"  File ""/app/main.py"", line 2, in <module>",stderr,"9/24/2025, 9:30:07.805 AM",,error,,ContainerLogV2,"/subscriptions/33ff7dc7-1c36-4d2b-b62b-e4374ca2dbff/resourcegroups/mas-demo-rg/providers/microsoft.containerservice/managedclusters/mas-demo-aks"
"56608c29-c876-4f36-8532-83b7db336e04","aks-userpool-32080101-vmss000000",a4f87e46267a040beb16d86dc31e1d1ba3a18b70a61a3c8d9b3f0dbc71983b75,"mas-app","mas-app-5fbfc6f798-sjrxp",default,"    from utils.config import config",stderr,"9/24/2025, 9:30:07.805 AM",,error,,ContainerLogV2,"/subscriptions/33ff7dc7-1c36-4d2b-b62b-e4374ca2dbff/resourcegroups/mas-demo-rg/providers/microsoft.containerservice/managedclusters/mas-demo-aks"
"56608c29-c876-4f36-8532-83b7db336e04","aks-userpool-32080101-vmss000000",a4f87e46267a040beb16d86dc31e1d1ba3a18b70a61a3c8d9b3f0dbc71983b75,"mas-app","mas-app-5fbfc6f798-sjrxp",default,"ModuleNotFoundError: No module named 'utils.config'",stderr,"9/24/2025, 9:30:07.805 AM",,error,,ContainerLogV2,"/subscriptions/33ff7dc7-1c36-4d2b-b62b-e4374ca2dbff/resourcegroups/mas-demo-rg/providers/microsoft.containerservice/managedclusters/mas-demo-aks"
"56608c29-c876-4f36-8532-83b7db336e04","aks-userpool-32080101-vmss000000",fea16c0729be9658ec8ffd78839f484f0b15aa545fe5e43594b44bac547eff4f,"mas-app","mas-app-5fbfc6f798-sjrxp",default,"Traceback (most recent call last):",stderr,"9/24/2025, 9:35:11.830 AM",,error,,ContainerLogV2,"/subscriptions/33ff7dc7-1c36-4d2b-b62b-e4374ca2dbff/resourcegroups/mas-demo-rg/providers/microsoft.containerservice/managedclusters/mas-demo-aks"
"56608c29-c876-4f36-8532-83b7db336e04","aks-userpool-32080101-vmss000000",fea16c0729be9658ec8ffd78839f484f0b15aa545fe5e43594b44bac547eff4f,"mas-app","mas-app-5fbfc6f798-sjrxp",default,"  File ""/app/main.py"", line 2, in <module>",stderr,"9/24/2025, 9:35:11.830 AM",,error,,ContainerLogV2,"/subscriptions/33ff7dc7-1c36-4d2b-b62b-e4374ca2dbff/resourcegroups/mas-demo-rg/providers/microsoft.containerservice/managedclusters/mas-demo-aks"
"56608c29-c876-4f36-8532-83b7db336e04","aks-userpool-32080101-vmss000000",fea16c0729be9658ec8ffd78839f484f0b15aa545fe5e43594b44bac547eff4f,"mas-app","mas-app-5fbfc6f798-sjrxp",default,"    from utils.config import config",stderr,"9/24/2025, 9:35:11.830 AM",,error,,ContainerLogV2,"/subscriptions/33ff7dc7-1c36-4d2b-b62b-e4374ca2dbff/resourcegroups/mas-demo-rg/providers/microsoft.containerservice/managedclusters/mas-demo-aks"
"56608c29-c876-4f36-8532-83b7db336e04","aks-userpool-32080101-vmss000000",fea16c0729be9658ec8ffd78839f484f0b15aa545fe5e43594b44bac547eff4f,"mas-app","mas-app-5fbfc6f798-sjrxp",default,"ModuleNotFoundError: No module named 'utils.config'",stderr,"9/24/2025, 9:35:11.830 AM",,error,,ContainerLogV2,"/subscriptions/33ff7dc7-1c36-4d2b-b62b-e4374ca2dbff/resourcegroups/mas-demo-rg/providers/microsoft.containerservice/managedclusters/mas-demo-aks"
"56608c29-c876-4f36-8532-83b7db336e04","aks-userpool-32080101-vmss000000",ec52206975bce4811ed92b6b739e04c016ed06a1a7f088bf6843515e10dcbb96,"mas-app","mas-app-5fbfc6f798-sjrxp",default,"Traceback (most recent call last):",stderr,"9/24/2025, 9:04:19.847 AM",,error,,ContainerLogV2,"/subscriptions/33ff7dc7-1c36-4d2b-b62b-e4374ca2dbff/resourcegroups/mas-demo-rg/providers/microsoft.containerservice/managedclusters/mas-demo-aks"
"56608c29-c876-4f36-8532-83b7db336e04","aks-userpool-32080101-vmss000000",ec52206975bce4811ed92b6b739e04c016ed06a1a7f088bf6843515e10dcbb96,"mas-app","mas-app-5fbfc6f798-sjrxp",default,"  File ""/app/main.py"", line 2, in <module>",stderr,"9/24/2025, 9:04:19.847 AM",,error,,ContainerLogV2,"/subscriptions/33ff7dc7-1c36-4d2b-b62b-e4374ca2dbff/resourcegroups/mas-demo-rg/providers/microsoft.containerservice/managedclusters/mas-demo-aks"
"56608c29-c876-4f36-8532-83b7db336e04","aks-userpool-32080101-vmss000000",ec52206975bce4811ed92b6b739e04c016ed06a1a7f088bf6843515e10dcbb96,"mas-app","mas-app-5fbfc6f798-sjrxp",default,"    from utils.config import config",stderr,"9/24/2025, 9:04:19.847 AM",,error,,ContainerLogV2,"/subscriptions/33ff7dc7-1c36-4d2b-b62b-e4374ca2dbff/resourcegroups/mas-demo-rg/providers/microsoft.containerservice/managedclusters/mas-demo-aks"
"56608c29-c876-4f36-8532-83b7db336e04","aks-userpool-32080101-vmss000000",ec52206975bce4811ed92b6b739e04c016ed06a1a7f088bf6843515e10dcbb96,"mas-app","mas-app-5fbfc6f798-sjrxp",default,"ModuleNotFoundError: No module named 'utils.config'",stderr,"9/24/2025, 9:04:19.847 AM",,error,,ContainerLogV2,"/subscriptions/33ff7dc7-1c36-4d2b-b62b-e4374ca2dbff/resourcegroups/mas-demo-rg/providers/microsoft.containerservice/managedclusters/mas-demo-aks"
"56608c29-c876-4f36-8532-83b7db336e04","aks-userpool-32080101-vmss000000",865272ee0692d7c51d6ed88c688c16e61e7346c38cc6948796efbb09378b9589,"mas-app","mas-app-5fbfc6f798-sjrxp",default,"Traceback (most recent call last):",stderr,"9/24/2025, 9:40:17.856 AM",,error,,ContainerLogV2,"/subscriptions/33ff7dc7-1c36-4d2b-b62b-e4374ca2dbff/resourcegroups/mas-demo-rg/providers/microsoft.containerservice/managedclusters/mas-demo-aks"
"56608c29-c876-4f36-8532-83b7db336e04","aks-userpool-32080101-vmss000000",865272ee0692d7c51d6ed88c688c16e61e7346c38cc6948796efbb09378b9589,"mas-app","mas-app-5fbfc6f798-sjrxp",default,"  File ""/app/main.py"", line 2, in <module>",stderr,"9/24/2025, 9:40:17.856 AM",,error,,ContainerLogV2,"/subscriptions/33ff7dc7-1c36-4d2b-b62b-e4374ca2dbff/resourcegroups/mas-demo-rg/providers/microsoft.containerservice/managedclusters/mas-demo-aks"
"56608c29-c876-4f36-8532-83b7db336e04","aks-userpool-32080101-vmss000000",865272ee0692d7c51d6ed88c688c16e61e7346c38cc6948796efbb09378b9589,"mas-app","mas-app-5fbfc6f798-sjrxp",default,"    from utils.config import config",stderr,"9/24/2025, 9:40:17.856 AM",,error,,ContainerLogV2,"/subscriptions/33ff7dc7-1c36-4d2b-b62b-e4374ca2dbff/resourcegroups/mas-demo-rg/providers/microsoft.containerservice/managedclusters/mas-demo-aks"
"56608c29-c876-4f36-8532-83b7db336e04","aks-userpool-32080101-vmss000000",865272ee0692d7c51d6ed88c688c16e61e7346c38cc6948796efbb09378b9589,"mas-app","mas-app-5fbfc6f798-sjrxp",default,"ModuleNotFoundError: No module named 'utils.config'",stderr,"9/24/2025, 9:40:17.856 AM",,error,,ContainerLogV2,"/subscriptions/33ff7dc7-1c36-4d2b-b62b-e4374ca2dbff/resourcegroups/mas-demo-rg/providers/microsoft.containerservice/managedclusters/mas-demo-aks"
"56608c29-c876-4f36-8532-83b7db336e04","aks-userpool-32080101-vmss000000",aa4100e167ce569180b5b5525fbe1c344f5d60573ac18fcd03aa42d65f0187c9,"mas-app","mas-app-5fbfc6f798-sjrxp",default,"Traceback (most recent call last):",stderr,"9/24/2025, 8:59:08.815 AM",,error,,ContainerLogV2,"/subscriptions/33ff7dc7-1c36-4d2b-b62b-e4374ca2dbff/resourcegroups/mas-demo-rg/providers/microsoft.containerservice/managedclusters/mas-demo-aks"
"56608c29-c876-4f36-8532-83b7db336e04","aks-userpool-32080101-vmss000000",aa4100e167ce569180b5b5525fbe1c344f5d60573ac18fcd03aa42d65f0187c9,"mas-app","mas-app-5fbfc6f798-sjrxp",default,"  File ""/app/main.py"", line 2, in <module>",stderr,"9/24/2025, 8:59:08.815 AM",,error,,ContainerLogV2,"/subscriptions/33ff7dc7-1c36-4d2b-b62b-e4374ca2dbff/resourcegroups/mas-demo-rg/providers/microsoft.containerservice/managedclusters/mas-demo-aks"
"56608c29-c876-4f36-8532-83b7db336e04","aks-userpool-32080101-vmss000000",aa4100e167ce569180b5b5525fbe1c344f5d60573ac18fcd03aa42d65f0187c9,"mas-app","mas-app-5fbfc6f798-sjrxp",default,"    from utils.config import config",stderr,"9/24/2025, 8:59:08.815 AM",,error,,ContainerLogV2,"/subscriptions/33ff7dc7-1c36-4d2b-b62b-e4374ca2dbff/resourcegroups/mas-demo-rg/providers/microsoft.containerservice/managedclusters/mas-demo-aks"
"56608c29-c876-4f36-8532-83b7db336e04","aks-userpool-32080101-vmss000000",aa4100e167ce569180b5b5525fbe1c344f5d60573ac18fcd03aa42d65f0187c9,"mas-app","mas-app-5fbfc6f798-sjrxp",default,"ModuleNotFoundError: No module named 'utils.config'",stderr,"9/24/2025, 8:59:08.815 AM",,error,,ContainerLogV2,"/subscriptions/33ff7dc7-1c36-4d2b-b62b-e4374ca2dbff/resourcegroups/mas-demo-rg/providers/microsoft.containerservice/managedclusters/mas-demo-aks"
"56608c29-c876-4f36-8532-83b7db336e04","aks-userpool-32080101-vmss000000",174efc5de4803be10e358b3b31c4876634f8030f68e633eaefb1c991c537f06a,"mas-app","mas-app-5fbfc6f798-sjrxp",default,"Traceback (most recent call last):",stderr,"9/24/2025, 9:09:24.764 AM",,error,,ContainerLogV2,"/subscriptions/33ff7dc7-1c36-4d2b-b62b-e4374ca2dbff/resourcegroups/mas-demo-rg/providers/microsoft.containerservice/managedclusters/mas-demo-aks"
"56608c29-c876-4f36-8532-83b7db336e04","aks-userpool-32080101-vmss000000",174efc5de4803be10e358b3b31c4876634f8030f68e633eaefb1c991c537f06a,"mas-app","mas-app-5fbfc6f798-sjrxp",default,"  File ""/app/main.py"", line 2, in <module>",stderr,"9/24/2025, 9:09:24.764 AM",,error,,ContainerLogV2,"/subscriptions/33ff7dc7-1c36-4d2b-b62b-e4374ca2dbff/resourcegroups/mas-demo-rg/providers/microsoft.containerservice/managedclusters/mas-demo-aks"
"56608c29-c876-4f36-8532-83b7db336e04","aks-userpool-32080101-vmss000000",174efc5de4803be10e358b3b31c4876634f8030f68e633eaefb1c991c537f06a,"mas-app","mas-app-5fbfc6f798-sjrxp",default,"    from utils.config import config",stderr,"9/24/2025, 9:09:24.764 AM",,error,,ContainerLogV2,"/subscriptions/33ff7dc7-1c36-4d2b-b62b-e4374ca2dbff/resourcegroups/mas-demo-rg/providers/microsoft.containerservice/managedclusters/mas-demo-aks"
"56608c29-c876-4f36-8532-83b7db336e04","aks-userpool-32080101-vmss000000",174efc5de4803be10e358b3b31c4876634f8030f68e633eaefb1c991c537f06a,"mas-app","mas-app-5fbfc6f798-sjrxp",default,"ModuleNotFoundError: No module named 'utils.config'",stderr,"9/24/2025, 9:09:24.764 AM",,error,,ContainerLogV2,"/subscriptions/33ff7dc7-1c36-4d2b-b62b-e4374ca2dbff/resourcegroups/mas-demo-rg/providers/microsoft.containerservice/managedclusters/mas-demo-aks"
"56608c29-c876-4f36-8532-83b7db336e04","aks-userpool-32080101-vmss000000",164b735c22e60c91c65b5977cfd7a7f9161eb2ca6f84b2688c227b1fe3592a25,"mas-app","mas-app-5fbfc6f798-sjrxp",default,"Traceback (most recent call last):",stderr,"9/24/2025, 9:14:35.815 AM",,error,,ContainerLogV2,"/subscriptions/33ff7dc7-1c36-4d2b-b62b-e4374ca2dbff/resourcegroups/mas-demo-rg/providers/microsoft.containerservice/managedclusters/mas-demo-aks"
"56608c29-c876-4f36-8532-83b7db336e04","aks-userpool-32080101-vmss000000",164b735c22e60c91c65b5977cfd7a7f9161eb2ca6f84b2688c227b1fe3592a25,"mas-app","mas-app-5fbfc6f798-sjrxp",default,"  File ""/app/main.py"", line 2, in <module>",stderr,"9/24/2025, 9:14:35.815 AM",,error,,ContainerLogV2,"/subscriptions/33ff7dc7-1c36-4d2b-b62b-e4374ca2dbff/resourcegroups/mas-demo-rg/providers/microsoft.containerservice/managedclusters/mas-demo-aks"
"56608c29-c876-4f36-8532-83b7db336e04","aks-userpool-32080101-vmss000000",164b735c22e60c91c65b5977cfd7a7f9161eb2ca6f84b2688c227b1fe3592a25,"mas-app","mas-app-5fbfc6f798-sjrxp",default,"    from utils.config import config",stderr,"9/24/2025, 9:14:35.815 AM",,error,,ContainerLogV2,"/subscriptions/33ff7dc7-1c36-4d2b-b62b-e4374ca2dbff/resourcegroups/mas-demo-rg/providers/microsoft.containerservice/managedclusters/mas-demo-aks"
"56608c29-c876-4f36-8532-83b7db336e04","aks-userpool-32080101-vmss000000",164b735c22e60c91c65b5977cfd7a7f9161eb2ca6f84b2688c227b1fe3592a25,"mas-app","mas-app-5fbfc6f798-sjrxp",default,"ModuleNotFoundError: No module named 'utils.config'",stderr,"9/24/2025, 9:14:35.815 AM",,error,,ContainerLogV2,"/subscriptions/33ff7dc7-1c36-4d2b-b62b-e4374ca2dbff/resourcegroups/mas-demo-rg/providers/microsoft.containerservice/managedclusters/mas-demo-aks"
"56608c29-c876-4f36-8532-83b7db336e04","aks-userpool-32080101-vmss000000",6472e73a02fd6d1332ee956464dbc47a7b5701c6149570455c1b50b85eeabc3a,"mas-app","mas-app-5fbfc6f798-sjrxp",default,"Traceback (most recent call last):",stderr,"9/24/2025, 9:45:29.782 AM",,error,,ContainerLogV2,"/subscriptions/33ff7dc7-1c36-4d2b-b62b-e4374ca2dbff/resourcegroups/mas-demo-rg/providers/microsoft.containerservice/managedclusters/mas-demo-aks"
"56608c29-c876-4f36-8532-83b7db336e04","aks-userpool-32080101-vmss000000",6472e73a02fd6d1332ee956464dbc47a7b5701c6149570455c1b50b85eeabc3a,"mas-app","mas-app-5fbfc6f798-sjrxp",default,"  File ""/app/main.py"", line 2, in <module>",stderr,"9/24/2025, 9:45:29.782 AM",,error,,ContainerLogV2,"/subscriptions/33ff7dc7-1c36-4d2b-b62b-e4374ca2dbff/resourcegroups/mas-demo-rg/providers/microsoft.containerservice/managedclusters/mas-demo-aks"
"56608c29-c876-4f36-8532-83b7db336e04","aks-userpool-32080101-vmss000000",6472e73a02fd6d1332ee956464dbc47a7b5701c6149570455c1b50b85eeabc3a,"mas-app","mas-app-5fbfc6f798-sjrxp",default,"    from utils.config import config",stderr,"9/24/2025, 9:45:29.782 AM",,error,,ContainerLogV2,"/subscriptions/33ff7dc7-1c36-4d2b-b62b-e4374ca2dbff/resourcegroups/mas-demo-rg/providers/microsoft.containerservice/managedclusters/mas-demo-aks"
"56608c29-c876-4f36-8532-83b7db336e04","aks-userpool-32080101-vmss000000",6472e73a02fd6d1332ee956464dbc47a7b5701c6149570455c1b50b85eeabc3a,"mas-app","mas-app-5fbfc6f798-sjrxp",default,"ModuleNotFoundError: No module named 'utils.config'",stderr,"9/24/2025, 9:45:29.782 AM",,error,,ContainerLogV2,"/subscriptions/33ff7dc7-1c36-4d2b-b62b-e4374ca2dbff/resourcegroups/mas-demo-rg/providers/microsoft.containerservice/managedclusters/mas-demo-aks"
"56608c29-c876-4f36-8532-83b7db336e04","aks-userpool-32080101-vmss000000",6625be5ef8fcda1121072f4d5e7c9d8f6e8ee655758f397dcef49fd63980f458,"mas-app","mas-app-5fbfc6f798-sjrxp",default,"Traceback (most recent call last):",stderr,"9/24/2025, 6:02:25.674 AM",,error,,ContainerLogV2,"/subscriptions/33ff7dc7-1c36-4d2b-b62b-e4374ca2dbff/resourcegroups/mas-demo-rg/providers/microsoft.containerservice/managedclusters/mas-demo-aks"
"56608c29-c876-4f36-8532-83b7db336e04","aks-userpool-32080101-vmss000000",6625be5ef8fcda1121072f4d5e7c9d8f6e8ee655758f397dcef49fd63980f458,"mas-app","mas-app-5fbfc6f798-sjrxp",default,"  File ""/app/main.py"", line 2, in <module>",stderr,"9/24/2025, 6:02:25.674 AM",,error,,ContainerLogV2,"/subscriptions/33ff7dc7-1c36-4d2b-b62b-e4374ca2dbff/resourcegroups/mas-demo-rg/providers/microsoft.containerservice/managedclusters/mas-demo-aks"
"56608c29-c876-4f36-8532-83b7db336e04","aks-userpool-32080101-vmss000000",6625be5ef8fcda1121072f4d5e7c9d8f6e8ee655758f397dcef49fd63980f458,"mas-app","mas-app-5fbfc6f798-sjrxp",default,"    from utils.config import config",stderr,"9/24/2025, 6:02:25.674 AM",,error,,ContainerLogV2,"/subscriptions/33ff7dc7-1c36-4d2b-b62b-e4374ca2dbff/resourcegroups/mas-demo-rg/providers/microsoft.containerservice/managedclusters/mas-demo-aks"
"56608c29-c876-4f36-8532-83b7db336e04","aks-userpool-32080101-vmss000000",6625be5ef8fcda1121072f4d5e7c9d8f6e8ee655758f397dcef49fd63980f458,"mas-app","mas-app-5fbfc6f798-sjrxp",default,"ModuleNotFoundError: No module named 'utils.config'",stderr,"9/24/2025, 6:02:25.674 AM",,error,,ContainerLogV2,"/subscriptions/33ff7dc7-1c36-4d2b-b62b-e4374ca2dbff/resourcegroups/mas-demo-rg/providers/microsoft.containerservice/managedclusters/mas-demo-aks"
