TenantId,SourceSystem,"TimeGenerated [UTC]",Computer,ObjectKind,Namespace,Name,Reason,Message,KubeEventType,SourceComponent,"FirstSeen [UTC]","LastSeen [UTC]",Count,ClusterName,ClusterId,Type,"_ResourceId"
"56608c29-c876-4f36-8532-83b7db336e04",Containers,"9/24/2025, 5:59:25.000 AM","aks-userpool-32080101-vmss000000",Pod,default,"mas-app-5fbfc6f798-sjrxp",BackOff,"Back-off restarting failed container mas-app in pod mas-app-5fbfc6f798-sjrxp_default(b60b5672-1f35-4a94-8715-5042623d6729)",Warning,kubelet,"9/24/2025, 5:59:25.000 AM","9/24/2025, 9:39:39.000 AM",1016,"mas-demo-aks","/subscriptions/33ff7dc7-1c36-4d2b-b62b-e4374ca2dbff/resourceGroups/mas-demo-rg/providers/Microsoft.ContainerService/managedClusters/mas-demo-aks",KubeEvents,"/subscriptions/33ff7dc7-1c36-4d2b-b62b-e4374ca2dbff/resourcegroups/mas-demo-rg/providers/microsoft.containerservice/managedclusters/mas-demo-aks"
"56608c29-c876-4f36-8532-83b7db336e04",Containers,"9/24/2025, 5:59:25.000 AM","aks-userpool-32080101-vmss000000",Pod,default,"mas-app-5fbfc6f798-sjrxp",BackOff,"Back-off restarting failed container mas-app in pod mas-app-5fbfc6f798-sjrxp_default(b60b5672-1f35-4a94-8715-5042623d6729)",Warning,kubelet,"9/24/2025, 5:59:25.000 AM","9/24/2025, 9:44:35.000 AM",1038,"mas-demo-aks","/subscriptions/33ff7dc7-1c36-4d2b-b62b-e4374ca2dbff/resourceGroups/mas-demo-rg/providers/Microsoft.ContainerService/managedClusters/mas-demo-aks",KubeEvents,"/subscriptions/33ff7dc7-1c36-4d2b-b62b-e4374ca2dbff/resourcegroups/mas-demo-rg/providers/microsoft.containerservice/managedclusters/mas-demo-aks"
"56608c29-c876-4f36-8532-83b7db336e04",Containers,"9/24/2025, 5:59:25.000 AM","aks-userpool-32080101-vmss000000",Pod,default,"mas-app-5fbfc6f798-sjrxp",BackOff,"Back-off restarting failed container mas-app in pod mas-app-5fbfc6f798-sjrxp_default(b60b5672-1f35-4a94-8715-5042623d6729)",Warning,kubelet,"9/24/2025, 5:59:25.000 AM","9/24/2025, 9:49:30.000 AM",1060,"mas-demo-aks","/subscriptions/33ff7dc7-1c36-4d2b-b62b-e4374ca2dbff/resourceGroups/mas-demo-rg/providers/Microsoft.ContainerService/managedClusters/mas-demo-aks",KubeEvents,"/subscriptions/33ff7dc7-1c36-4d2b-b62b-e4374ca2dbff/resourcegroups/mas-demo-rg/providers/microsoft.containerservice/managedclusters/mas-demo-aks"
"56608c29-c876-4f36-8532-83b7db336e04",Containers,"9/24/2025, 5:59:25.000 AM","aks-userpool-32080101-vmss000000",Pod,default,"mas-app-5fbfc6f798-sjrxp",BackOff,"Back-off restarting failed container mas-app in pod mas-app-5fbfc6f798-sjrxp_default(b60b5672-1f35-4a94-8715-5042623d6729)",Warning,kubelet,"9/24/2025, 5:59:25.000 AM","9/24/2025, 9:34:33.000 AM",993,"mas-demo-aks","/subscriptions/33ff7dc7-1c36-4d2b-b62b-e4374ca2dbff/resourceGroups/mas-demo-rg/providers/Microsoft.ContainerService/managedClusters/mas-demo-aks",KubeEvents,"/subscriptions/33ff7dc7-1c36-4d2b-b62b-e4374ca2dbff/resourcegroups/mas-demo-rg/providers/microsoft.containerservice/managedclusters/mas-demo-aks"
"56608c29-c876-4f36-8532-83b7db336e04",Containers,"9/24/2025, 5:59:25.000 AM","aks-userpool-32080101-vmss000000",Pod,default,"mas-app-5fbfc6f798-sjrxp",BackOff,"Back-off restarting failed container mas-app in pod mas-app-5fbfc6f798-sjrxp_default(b60b5672-1f35-4a94-8715-5042623d6729)",Warning,kubelet,"9/24/2025, 5:59:25.000 AM","9/24/2025, 6:01:24.000 AM",10,"mas-demo-aks","/subscriptions/33ff7dc7-1c36-4d2b-b62b-e4374ca2dbff/resourceGroups/mas-demo-rg/providers/Microsoft.ContainerService/managedClusters/mas-demo-aks",KubeEvents,"/subscriptions/33ff7dc7-1c36-4d2b-b62b-e4374ca2dbff/resourcegroups/mas-demo-rg/providers/microsoft.containerservice/managedclusters/mas-demo-aks"
"56608c29-c876-4f36-8532-83b7db336e04",Containers,"9/24/2025, 5:59:25.000 AM","aks-userpool-32080101-vmss000000",Pod,default,"mas-app-5fbfc6f798-sjrxp",BackOff,"Back-off restarting failed container mas-app in pod mas-app-5fbfc6f798-sjrxp_default(b60b5672-1f35-4a94-8715-5042623d6729)",Warning,kubelet,"9/24/2025, 5:59:25.000 AM","9/24/2025, 7:19:39.000 AM",369,"mas-demo-aks","/subscriptions/33ff7dc7-1c36-4d2b-b62b-e4374ca2dbff/resourceGroups/mas-demo-rg/providers/Microsoft.ContainerService/managedClusters/mas-demo-aks",KubeEvents,"/subscriptions/33ff7dc7-1c36-4d2b-b62b-e4374ca2dbff/resourcegroups/mas-demo-rg/providers/microsoft.containerservice/managedclusters/mas-demo-aks"
"56608c29-c876-4f36-8532-83b7db336e04",Containers,"9/24/2025, 5:59:25.000 AM","aks-userpool-32080101-vmss000000",Pod,default,"mas-app-5fbfc6f798-sjrxp",BackOff,"Back-off restarting failed container mas-app in pod mas-app-5fbfc6f798-sjrxp_default(b60b5672-1f35-4a94-8715-5042623d6729)",Warning,kubelet,"9/24/2025, 5:59:25.000 AM","9/24/2025, 7:34:35.000 AM",438,"mas-demo-aks","/subscriptions/33ff7dc7-1c36-4d2b-b62b-e4374ca2dbff/resourceGroups/mas-demo-rg/providers/Microsoft.ContainerService/managedClusters/mas-demo-aks",KubeEvents,"/subscriptions/33ff7dc7-1c36-4d2b-b62b-e4374ca2dbff/resourcegroups/mas-demo-rg/providers/microsoft.containerservice/managedclusters/mas-demo-aks"
"56608c29-c876-4f36-8532-83b7db336e04",Containers,"9/24/2025, 5:59:25.000 AM","aks-userpool-32080101-vmss000000",Pod,default,"mas-app-5fbfc6f798-sjrxp",BackOff,"Back-off restarting failed container mas-app in pod mas-app-5fbfc6f798-sjrxp_default(b60b5672-1f35-4a94-8715-5042623d6729)",Warning,kubelet,"9/24/2025, 5:59:25.000 AM","9/24/2025, 6:02:25.000 AM",15,"mas-demo-aks","/subscriptions/33ff7dc7-1c36-4d2b-b62b-e4374ca2dbff/resourceGroups/mas-demo-rg/providers/Microsoft.ContainerService/managedClusters/mas-demo-aks",KubeEvents,"/subscriptions/33ff7dc7-1c36-4d2b-b62b-e4374ca2dbff/resourcegroups/mas-demo-rg/providers/microsoft.containerservice/managedclusters/mas-demo-aks"
"56608c29-c876-4f36-8532-83b7db336e04",Containers,"9/24/2025, 5:59:25.000 AM","aks-userpool-32080101-vmss000000",Pod,default,"mas-app-5fbfc6f798-sjrxp",BackOff,"Back-off restarting failed container mas-app in pod mas-app-5fbfc6f798-sjrxp_default(b60b5672-1f35-4a94-8715-5042623d6729)",Warning,kubelet,"9/24/2025, 5:59:25.000 AM","9/24/2025, 6:44:39.000 AM",209,"mas-demo-aks","/subscriptions/33ff7dc7-1c36-4d2b-b62b-e4374ca2dbff/resourceGroups/mas-demo-rg/providers/Microsoft.ContainerService/managedClusters/mas-demo-aks",KubeEvents,"/subscriptions/33ff7dc7-1c36-4d2b-b62b-e4374ca2dbff/resourcegroups/mas-demo-rg/providers/microsoft.containerservice/managedclusters/mas-demo-aks"
"56608c29-c876-4f36-8532-83b7db336e04",Containers,"9/24/2025, 5:59:25.000 AM","aks-userpool-32080101-vmss000000",Pod,default,"mas-app-5fbfc6f798-sjrxp",BackOff,"Back-off restarting failed container mas-app in pod mas-app-5fbfc6f798-sjrxp_default(b60b5672-1f35-4a94-8715-5042623d6729)",Warning,kubelet,"9/24/2025, 5:59:25.000 AM","9/24/2025, 6:24:26.000 AM",118,"mas-demo-aks","/subscriptions/33ff7dc7-1c36-4d2b-b62b-e4374ca2dbff/resourceGroups/mas-demo-rg/providers/Microsoft.ContainerService/managedClusters/mas-demo-aks",KubeEvents,"/subscriptions/33ff7dc7-1c36-4d2b-b62b-e4374ca2dbff/resourcegroups/mas-demo-rg/providers/microsoft.containerservice/managedclusters/mas-demo-aks"
"56608c29-c876-4f36-8532-83b7db336e04",Containers,"9/24/2025, 5:59:25.000 AM","aks-userpool-32080101-vmss000000",Pod,default,"mas-app-5fbfc6f798-sjrxp",BackOff,"Back-off restarting failed container mas-app in pod mas-app-5fbfc6f798-sjrxp_default(b60b5672-1f35-4a94-8715-5042623d6729)",Warning,kubelet,"9/24/2025, 5:59:25.000 AM","9/24/2025, 8:14:28.000 AM",623,"mas-demo-aks","/subscriptions/33ff7dc7-1c36-4d2b-b62b-e4374ca2dbff/resourceGroups/mas-demo-rg/providers/Microsoft.ContainerService/managedClusters/mas-demo-aks",KubeEvents,"/subscriptions/33ff7dc7-1c36-4d2b-b62b-e4374ca2dbff/resourcegroups/mas-demo-rg/providers/microsoft.containerservice/managedclusters/mas-demo-aks"
"56608c29-c876-4f36-8532-83b7db336e04",Containers,"9/24/2025, 5:59:25.000 AM","aks-userpool-32080101-vmss000000",Pod,default,"mas-app-5fbfc6f798-sjrxp",BackOff,"Back-off restarting failed container mas-app in pod mas-app-5fbfc6f798-sjrxp_default(b60b5672-1f35-4a94-8715-5042623d6729)",Warning,kubelet,"9/24/2025, 5:59:25.000 AM","9/24/2025, 8:29:35.000 AM",693,"mas-demo-aks","/subscriptions/33ff7dc7-1c36-4d2b-b62b-e4374ca2dbff/resourceGroups/mas-demo-rg/providers/Microsoft.ContainerService/managedClusters/mas-demo-aks",KubeEvents,"/subscriptions/33ff7dc7-1c36-4d2b-b62b-e4374ca2dbff/resourcegroups/mas-demo-rg/providers/microsoft.containerservice/managedclusters/mas-demo-aks"
"56608c29-c876-4f36-8532-83b7db336e04",Containers,"9/24/2025, 5:59:25.000 AM","aks-userpool-32080101-vmss000000",Pod,default,"mas-app-5fbfc6f798-sjrxp",BackOff,"Back-off restarting failed container mas-app in pod mas-app-5fbfc6f798-sjrxp_default(b60b5672-1f35-4a94-8715-5042623d6729)",Warning,kubelet,"9/24/2025, 5:59:25.000 AM","9/24/2025, 6:03:20.000 AM",19,"mas-demo-aks","/subscriptions/33ff7dc7-1c36-4d2b-b62b-e4374ca2dbff/resourceGroups/mas-demo-rg/providers/Microsoft.ContainerService/managedClusters/mas-demo-aks",KubeEvents,"/subscriptions/33ff7dc7-1c36-4d2b-b62b-e4374ca2dbff/resourcegroups/mas-demo-rg/providers/microsoft.containerservice/managedclusters/mas-demo-aks"
"56608c29-c876-4f36-8532-83b7db336e04",Containers,"9/24/2025, 5:59:25.000 AM","aks-userpool-32080101-vmss000000",Pod,default,"mas-app-5fbfc6f798-sjrxp",BackOff,"Back-off restarting failed container mas-app in pod mas-app-5fbfc6f798-sjrxp_default(b60b5672-1f35-4a94-8715-5042623d6729)",Warning,kubelet,"9/24/2025, 5:59:25.000 AM","9/24/2025, 9:04:32.000 AM",853,"mas-demo-aks","/subscriptions/33ff7dc7-1c36-4d2b-b62b-e4374ca2dbff/resourceGroups/mas-demo-rg/providers/Microsoft.ContainerService/managedClusters/mas-demo-aks",KubeEvents,"/subscriptions/33ff7dc7-1c36-4d2b-b62b-e4374ca2dbff/resourcegroups/mas-demo-rg/providers/microsoft.containerservice/managedclusters/mas-demo-aks"
"56608c29-c876-4f36-8532-83b7db336e04",Containers,"9/24/2025, 5:59:25.000 AM","aks-userpool-32080101-vmss000000",Pod,default,"mas-app-5fbfc6f798-sjrxp",BackOff,"Back-off restarting failed container mas-app in pod mas-app-5fbfc6f798-sjrxp_default(b60b5672-1f35-4a94-8715-5042623d6729)",Warning,kubelet,"9/24/2025, 5:59:25.000 AM","9/24/2025, 9:29:31.000 AM",970,"mas-demo-aks","/subscriptions/33ff7dc7-1c36-4d2b-b62b-e4374ca2dbff/resourceGroups/mas-demo-rg/providers/Microsoft.ContainerService/managedClusters/mas-demo-aks",KubeEvents,"/subscriptions/33ff7dc7-1c36-4d2b-b62b-e4374ca2dbff/resourcegroups/mas-demo-rg/providers/microsoft.containerservice/managedclusters/mas-demo-aks"
"56608c29-c876-4f36-8532-83b7db336e04",Containers,"9/24/2025, 5:59:25.000 AM","aks-userpool-32080101-vmss000000",Pod,default,"mas-app-5fbfc6f798-sjrxp",BackOff,"Back-off restarting failed container mas-app in pod mas-app-5fbfc6f798-sjrxp_default(b60b5672-1f35-4a94-8715-5042623d6729)",Warning,kubelet,"9/24/2025, 5:59:25.000 AM","9/24/2025, 6:29:36.000 AM",141,"mas-demo-aks","/subscriptions/33ff7dc7-1c36-4d2b-b62b-e4374ca2dbff/resourceGroups/mas-demo-rg/providers/Microsoft.ContainerService/managedClusters/mas-demo-aks",KubeEvents,"/subscriptions/33ff7dc7-1c36-4d2b-b62b-e4374ca2dbff/resourcegroups/mas-demo-rg/providers/microsoft.containerservice/managedclusters/mas-demo-aks"
"56608c29-c876-4f36-8532-83b7db336e04",Containers,"9/24/2025, 5:59:25.000 AM","aks-userpool-32080101-vmss000000",Pod,default,"mas-app-5fbfc6f798-sjrxp",BackOff,"Back-off restarting failed container mas-app in pod mas-app-5fbfc6f798-sjrxp_default(b60b5672-1f35-4a94-8715-5042623d6729)",Warning,kubelet,"9/24/2025, 5:59:25.000 AM","9/24/2025, 6:04:23.000 AM",24,"mas-demo-aks","/subscriptions/33ff7dc7-1c36-4d2b-b62b-e4374ca2dbff/resourceGroups/mas-demo-rg/providers/Microsoft.ContainerService/managedClusters/mas-demo-aks",KubeEvents,"/subscriptions/33ff7dc7-1c36-4d2b-b62b-e4374ca2dbff/resourcegroups/mas-demo-rg/providers/microsoft.containerservice/managedclusters/mas-demo-aks"
"56608c29-c876-4f36-8532-83b7db336e04",Containers,"9/24/2025, 5:59:25.000 AM","aks-userpool-32080101-vmss000000",Pod,default,"mas-app-5fbfc6f798-sjrxp",BackOff,"Back-off restarting failed container mas-app in pod mas-app-5fbfc6f798-sjrxp_default(b60b5672-1f35-4a94-8715-5042623d6729)",Warning,kubelet,"9/24/2025, 5:59:25.000 AM","9/24/2025, 7:39:29.000 AM",461,"mas-demo-aks","/subscriptions/33ff7dc7-1c36-4d2b-b62b-e4374ca2dbff/resourceGroups/mas-demo-rg/providers/Microsoft.ContainerService/managedClusters/mas-demo-aks",KubeEvents,"/subscriptions/33ff7dc7-1c36-4d2b-b62b-e4374ca2dbff/resourcegroups/mas-demo-rg/providers/microsoft.containerservice/managedclusters/mas-demo-aks"
"56608c29-c876-4f36-8532-83b7db336e04",Containers,"9/24/2025, 5:59:25.000 AM","aks-userpool-32080101-vmss000000",Pod,default,"mas-app-5fbfc6f798-sjrxp",BackOff,"Back-off restarting failed container mas-app in pod mas-app-5fbfc6f798-sjrxp_default(b60b5672-1f35-4a94-8715-5042623d6729)",Warning,kubelet,"9/24/2025, 5:59:25.000 AM","9/24/2025, 9:19:35.000 AM",924,"mas-demo-aks","/subscriptions/33ff7dc7-1c36-4d2b-b62b-e4374ca2dbff/resourceGroups/mas-demo-rg/providers/Microsoft.ContainerService/managedClusters/mas-demo-aks",KubeEvents,"/subscriptions/33ff7dc7-1c36-4d2b-b62b-e4374ca2dbff/resourcegroups/mas-demo-rg/providers/microsoft.containerservice/managedclusters/mas-demo-aks"
"56608c29-c876-4f36-8532-83b7db336e04",Containers,"9/24/2025, 5:59:25.000 AM","aks-userpool-32080101-vmss000000",Pod,default,"mas-app-5fbfc6f798-sjrxp",BackOff,"Back-off restarting failed container mas-app in pod mas-app-5fbfc6f798-sjrxp_default(b60b5672-1f35-4a94-8715-5042623d6729)",Warning,kubelet,"9/24/2025, 5:59:25.000 AM","9/24/2025, 8:39:38.000 AM",739,"mas-demo-aks","/subscriptions/33ff7dc7-1c36-4d2b-b62b-e4374ca2dbff/resourceGroups/mas-demo-rg/providers/Microsoft.ContainerService/managedClusters/mas-demo-aks",KubeEvents,"/subscriptions/33ff7dc7-1c36-4d2b-b62b-e4374ca2dbff/resourcegroups/mas-demo-rg/providers/microsoft.containerservice/managedclusters/mas-demo-aks"
"56608c29-c876-4f36-8532-83b7db336e04",Containers,"9/24/2025, 5:59:25.000 AM","aks-userpool-32080101-vmss000000",Pod,default,"mas-app-5fbfc6f798-sjrxp",BackOff,"Back-off restarting failed container mas-app in pod mas-app-5fbfc6f798-sjrxp_default(b60b5672-1f35-4a94-8715-5042623d6729)",Warning,kubelet,"9/24/2025, 5:59:25.000 AM","9/24/2025, 6:09:31.000 AM",47,"mas-demo-aks","/subscriptions/33ff7dc7-1c36-4d2b-b62b-e4374ca2dbff/resourceGroups/mas-demo-rg/providers/Microsoft.ContainerService/managedClusters/mas-demo-aks",KubeEvents,"/subscriptions/33ff7dc7-1c36-4d2b-b62b-e4374ca2dbff/resourcegroups/mas-demo-rg/providers/microsoft.containerservice/managedclusters/mas-demo-aks"
"56608c29-c876-4f36-8532-83b7db336e04",Containers,"9/24/2025, 5:59:25.000 AM","aks-userpool-32080101-vmss000000",Pod,default,"mas-app-5fbfc6f798-sjrxp",BackOff,"Back-off restarting failed container mas-app in pod mas-app-5fbfc6f798-sjrxp_default(b60b5672-1f35-4a94-8715-5042623d6729)",Warning,kubelet,"9/24/2025, 5:59:25.000 AM","9/24/2025, 7:54:31.000 AM",531,"mas-demo-aks","/subscriptions/33ff7dc7-1c36-4d2b-b62b-e4374ca2dbff/resourceGroups/mas-demo-rg/providers/Microsoft.ContainerService/managedClusters/mas-demo-aks",KubeEvents,"/subscriptions/33ff7dc7-1c36-4d2b-b62b-e4374ca2dbff/resourcegroups/mas-demo-rg/providers/microsoft.containerservice/managedclusters/mas-demo-aks"
"56608c29-c876-4f36-8532-83b7db336e04",Containers,"9/24/2025, 5:59:25.000 AM","aks-userpool-32080101-vmss000000",Pod,default,"mas-app-5fbfc6f798-sjrxp",BackOff,"Back-off restarting failed container mas-app in pod mas-app-5fbfc6f798-sjrxp_default(b60b5672-1f35-4a94-8715-5042623d6729)",Warning,kubelet,"9/24/2025, 5:59:25.000 AM","9/24/2025, 6:54:34.000 AM",255,"mas-demo-aks","/subscriptions/33ff7dc7-1c36-4d2b-b62b-e4374ca2dbff/resourceGroups/mas-demo-rg/providers/Microsoft.ContainerService/managedClusters/mas-demo-aks",KubeEvents,"/subscriptions/33ff7dc7-1c36-4d2b-b62b-e4374ca2dbff/resourcegroups/mas-demo-rg/providers/microsoft.containerservice/managedclusters/mas-demo-aks"
"56608c29-c876-4f36-8532-83b7db336e04",Containers,"9/24/2025, 5:59:25.000 AM","aks-userpool-32080101-vmss000000",Pod,default,"mas-app-5fbfc6f798-sjrxp",BackOff,"Back-off restarting failed container mas-app in pod mas-app-5fbfc6f798-sjrxp_default(b60b5672-1f35-4a94-8715-5042623d6729)",Warning,kubelet,"9/24/2025, 5:59:25.000 AM","9/24/2025, 8:04:26.000 AM",577,"mas-demo-aks","/subscriptions/33ff7dc7-1c36-4d2b-b62b-e4374ca2dbff/resourceGroups/mas-demo-rg/providers/Microsoft.ContainerService/managedClusters/mas-demo-aks",KubeEvents,"/subscriptions/33ff7dc7-1c36-4d2b-b62b-e4374ca2dbff/resourcegroups/mas-demo-rg/providers/microsoft.containerservice/managedclusters/mas-demo-aks"
"56608c29-c876-4f36-8532-83b7db336e04",Containers,"9/24/2025, 5:59:25.000 AM","aks-userpool-32080101-vmss000000",Pod,default,"mas-app-5fbfc6f798-sjrxp",BackOff,"Back-off restarting failed container mas-app in pod mas-app-5fbfc6f798-sjrxp_default(b60b5672-1f35-4a94-8715-5042623d6729)",Warning,kubelet,"9/24/2025, 5:59:25.000 AM","9/24/2025, 8:19:35.000 AM",647,"mas-demo-aks","/subscriptions/33ff7dc7-1c36-4d2b-b62b-e4374ca2dbff/resourceGroups/mas-demo-rg/providers/Microsoft.ContainerService/managedClusters/mas-demo-aks",KubeEvents,"/subscriptions/33ff7dc7-1c36-4d2b-b62b-e4374ca2dbff/resourcegroups/mas-demo-rg/providers/microsoft.containerservice/managedclusters/mas-demo-aks"
"56608c29-c876-4f36-8532-83b7db336e04",Containers,"9/24/2025, 5:59:25.000 AM","aks-userpool-32080101-vmss000000",Pod,default,"mas-app-5fbfc6f798-sjrxp",BackOff,"Back-off restarting failed container mas-app in pod mas-app-5fbfc6f798-sjrxp_default(b60b5672-1f35-4a94-8715-5042623d6729)",Warning,kubelet,"9/24/2025, 5:59:25.000 AM","9/24/2025, 6:04:49.000 AM",26,"mas-demo-aks","/subscriptions/33ff7dc7-1c36-4d2b-b62b-e4374ca2dbff/resourceGroups/mas-demo-rg/providers/Microsoft.ContainerService/managedClusters/mas-demo-aks",KubeEvents,"/subscriptions/33ff7dc7-1c36-4d2b-b62b-e4374ca2dbff/resourcegroups/mas-demo-rg/providers/microsoft.containerservice/managedclusters/mas-demo-aks"
"56608c29-c876-4f36-8532-83b7db336e04",Containers,"9/24/2025, 5:59:25.000 AM","aks-userpool-32080101-vmss000000",Pod,default,"mas-app-5fbfc6f798-sjrxp",BackOff,"Back-off restarting failed container mas-app in pod mas-app-5fbfc6f798-sjrxp_default(b60b5672-1f35-4a94-8715-5042623d6729)",Warning,kubelet,"9/24/2025, 5:59:25.000 AM","9/24/2025, 7:49:39.000 AM",508,"mas-demo-aks","/subscriptions/33ff7dc7-1c36-4d2b-b62b-e4374ca2dbff/resourceGroups/mas-demo-rg/providers/Microsoft.ContainerService/managedClusters/mas-demo-aks",KubeEvents,"/subscriptions/33ff7dc7-1c36-4d2b-b62b-e4374ca2dbff/resourcegroups/mas-demo-rg/providers/microsoft.containerservice/managedclusters/mas-demo-aks"
"56608c29-c876-4f36-8532-83b7db336e04",Containers,"9/24/2025, 5:59:25.000 AM","aks-userpool-32080101-vmss000000",Pod,default,"mas-app-5fbfc6f798-sjrxp",BackOff,"Back-off restarting failed container mas-app in pod mas-app-5fbfc6f798-sjrxp_default(b60b5672-1f35-4a94-8715-5042623d6729)",Warning,kubelet,"9/24/2025, 5:59:25.000 AM","9/24/2025, 7:24:33.000 AM",391,"mas-demo-aks","/subscriptions/33ff7dc7-1c36-4d2b-b62b-e4374ca2dbff/resourceGroups/mas-demo-rg/providers/Microsoft.ContainerService/managedClusters/mas-demo-aks",KubeEvents,"/subscriptions/33ff7dc7-1c36-4d2b-b62b-e4374ca2dbff/resourcegroups/mas-demo-rg/providers/microsoft.containerservice/managedclusters/mas-demo-aks"
"56608c29-c876-4f36-8532-83b7db336e04",Containers,"9/24/2025, 5:59:25.000 AM","aks-userpool-32080101-vmss000000",Pod,default,"mas-app-5fbfc6f798-sjrxp",BackOff,"Back-off restarting failed container mas-app in pod mas-app-5fbfc6f798-sjrxp_default(b60b5672-1f35-4a94-8715-5042623d6729)",Warning,kubelet,"9/24/2025, 5:59:25.000 AM","9/24/2025, 8:24:30.000 AM",670,"mas-demo-aks","/subscriptions/33ff7dc7-1c36-4d2b-b62b-e4374ca2dbff/resourceGroups/mas-demo-rg/providers/Microsoft.ContainerService/managedClusters/mas-demo-aks",KubeEvents,"/subscriptions/33ff7dc7-1c36-4d2b-b62b-e4374ca2dbff/resourcegroups/mas-demo-rg/providers/microsoft.containerservice/managedclusters/mas-demo-aks"
"56608c29-c876-4f36-8532-83b7db336e04",Containers,"9/24/2025, 5:59:25.000 AM","aks-userpool-32080101-vmss000000",Pod,default,"mas-app-5fbfc6f798-sjrxp",BackOff,"Back-off restarting failed container mas-app in pod mas-app-5fbfc6f798-sjrxp_default(b60b5672-1f35-4a94-8715-5042623d6729)",Warning,kubelet,"9/24/2025, 5:59:25.000 AM","9/24/2025, 9:09:25.000 AM",876,"mas-demo-aks","/subscriptions/33ff7dc7-1c36-4d2b-b62b-e4374ca2dbff/resourceGroups/mas-demo-rg/providers/Microsoft.ContainerService/managedClusters/mas-demo-aks",KubeEvents,"/subscriptions/33ff7dc7-1c36-4d2b-b62b-e4374ca2dbff/resourcegroups/mas-demo-rg/providers/microsoft.containerservice/managedclusters/mas-demo-aks"
"56608c29-c876-4f36-8532-83b7db336e04",Containers,"9/24/2025, 5:59:25.000 AM","aks-userpool-32080101-vmss000000",Pod,default,"mas-app-5fbfc6f798-sjrxp",BackOff,"Back-off restarting failed container mas-app in pod mas-app-5fbfc6f798-sjrxp_default(b60b5672-1f35-4a94-8715-5042623d6729)",Warning,kubelet,"9/24/2025, 5:59:25.000 AM","9/24/2025, 8:59:33.000 AM",830,"mas-demo-aks","/subscriptions/33ff7dc7-1c36-4d2b-b62b-e4374ca2dbff/resourceGroups/mas-demo-rg/providers/Microsoft.ContainerService/managedClusters/mas-demo-aks",KubeEvents,"/subscriptions/33ff7dc7-1c36-4d2b-b62b-e4374ca2dbff/resourcegroups/mas-demo-rg/providers/microsoft.containerservice/managedclusters/mas-demo-aks"
"56608c29-c876-4f36-8532-83b7db336e04",Containers,"9/24/2025, 5:59:25.000 AM","aks-userpool-32080101-vmss000000",Pod,default,"mas-app-5fbfc6f798-sjrxp",BackOff,"Back-off restarting failed container mas-app in pod mas-app-5fbfc6f798-sjrxp_default(b60b5672-1f35-4a94-8715-5042623d6729)",Warning,kubelet,"9/24/2025, 5:59:25.000 AM","9/24/2025, 6:00:19.000 AM",5,"mas-demo-aks","/subscriptions/33ff7dc7-1c36-4d2b-b62b-e4374ca2dbff/resourceGroups/mas-demo-rg/providers/Microsoft.ContainerService/managedClusters/mas-demo-aks",KubeEvents,"/subscriptions/33ff7dc7-1c36-4d2b-b62b-e4374ca2dbff/resourcegroups/mas-demo-rg/providers/microsoft.containerservice/managedclusters/mas-demo-aks"
"56608c29-c876-4f36-8532-83b7db336e04",Containers,"9/24/2025, 5:59:25.000 AM","aks-userpool-32080101-vmss000000",Pod,default,"mas-app-5fbfc6f798-sjrxp",BackOff,"Back-off restarting failed container mas-app in pod mas-app-5fbfc6f798-sjrxp_default(b60b5672-1f35-4a94-8715-5042623d6729)",Warning,kubelet,"9/24/2025, 5:59:25.000 AM","9/24/2025, 7:14:30.000 AM",345,"mas-demo-aks","/subscriptions/33ff7dc7-1c36-4d2b-b62b-e4374ca2dbff/resourceGroups/mas-demo-rg/providers/Microsoft.ContainerService/managedClusters/mas-demo-aks",KubeEvents,"/subscriptions/33ff7dc7-1c36-4d2b-b62b-e4374ca2dbff/resourcegroups/mas-demo-rg/providers/microsoft.containerservice/managedclusters/mas-demo-aks"
"56608c29-c876-4f36-8532-83b7db336e04",Containers,"9/24/2025, 5:59:25.000 AM","aks-userpool-32080101-vmss000000",Pod,default,"mas-app-5fbfc6f798-sjrxp",BackOff,"Back-off restarting failed container mas-app in pod mas-app-5fbfc6f798-sjrxp_default(b60b5672-1f35-4a94-8715-5042623d6729)",Warning,kubelet,"9/24/2025, 5:59:25.000 AM","9/24/2025, 9:24:35.000 AM",947,"mas-demo-aks","/subscriptions/33ff7dc7-1c36-4d2b-b62b-e4374ca2dbff/resourceGroups/mas-demo-rg/providers/Microsoft.ContainerService/managedClusters/mas-demo-aks",KubeEvents,"/subscriptions/33ff7dc7-1c36-4d2b-b62b-e4374ca2dbff/resourcegroups/mas-demo-rg/providers/microsoft.containerservice/managedclusters/mas-demo-aks"
"56608c29-c876-4f36-8532-83b7db336e04",Containers,"9/24/2025, 5:59:25.000 AM","aks-userpool-32080101-vmss000000",Pod,default,"mas-app-5fbfc6f798-sjrxp",BackOff,"Back-off restarting failed container mas-app in pod mas-app-5fbfc6f798-sjrxp_default(b60b5672-1f35-4a94-8715-5042623d6729)",Warning,kubelet,"9/24/2025, 5:59:25.000 AM","9/24/2025, 8:49:37.000 AM",785,"mas-demo-aks","/subscriptions/33ff7dc7-1c36-4d2b-b62b-e4374ca2dbff/resourceGroups/mas-demo-rg/providers/Microsoft.ContainerService/managedClusters/mas-demo-aks",KubeEvents,"/subscriptions/33ff7dc7-1c36-4d2b-b62b-e4374ca2dbff/resourcegroups/mas-demo-rg/providers/microsoft.containerservice/managedclusters/mas-demo-aks"
"56608c29-c876-4f36-8532-83b7db336e04",Containers,"9/24/2025, 5:59:25.000 AM","aks-userpool-32080101-vmss000000",Pod,default,"mas-app-5fbfc6f798-sjrxp",BackOff,"Back-off restarting failed container mas-app in pod mas-app-5fbfc6f798-sjrxp_default(b60b5672-1f35-4a94-8715-5042623d6729)",Warning,kubelet,"9/24/2025, 5:59:25.000 AM","9/24/2025, 6:19:38.000 AM",95,"mas-demo-aks","/subscriptions/33ff7dc7-1c36-4d2b-b62b-e4374ca2dbff/resourceGroups/mas-demo-rg/providers/Microsoft.ContainerService/managedClusters/mas-demo-aks",KubeEvents,"/subscriptions/33ff7dc7-1c36-4d2b-b62b-e4374ca2dbff/resourcegroups/mas-demo-rg/providers/microsoft.containerservice/managedclusters/mas-demo-aks"
"56608c29-c876-4f36-8532-83b7db336e04",Containers,"9/24/2025, 5:59:25.000 AM","aks-userpool-32080101-vmss000000",Pod,default,"mas-app-5fbfc6f798-sjrxp",BackOff,"Back-off restarting failed container mas-app in pod mas-app-5fbfc6f798-sjrxp_default(b60b5672-1f35-4a94-8715-5042623d6729)",Warning,kubelet,"9/24/2025, 5:59:25.000 AM","9/24/2025, 7:09:36.000 AM",323,"mas-demo-aks","/subscriptions/33ff7dc7-1c36-4d2b-b62b-e4374ca2dbff/resourceGroups/mas-demo-rg/providers/Microsoft.ContainerService/managedClusters/mas-demo-aks",KubeEvents,"/subscriptions/33ff7dc7-1c36-4d2b-b62b-e4374ca2dbff/resourcegroups/mas-demo-rg/providers/microsoft.containerservice/managedclusters/mas-demo-aks"
"56608c29-c876-4f36-8532-83b7db336e04",Containers,"9/24/2025, 5:59:25.000 AM","aks-userpool-32080101-vmss000000",Pod,default,"mas-app-5fbfc6f798-sjrxp",BackOff,"Back-off restarting failed container mas-app in pod mas-app-5fbfc6f798-sjrxp_default(b60b5672-1f35-4a94-8715-5042623d6729)",Warning,kubelet,"9/24/2025, 5:59:25.000 AM","9/24/2025, 6:59:37.000 AM",278,"mas-demo-aks","/subscriptions/33ff7dc7-1c36-4d2b-b62b-e4374ca2dbff/resourceGroups/mas-demo-rg/providers/Microsoft.ContainerService/managedClusters/mas-demo-aks",KubeEvents,"/subscriptions/33ff7dc7-1c36-4d2b-b62b-e4374ca2dbff/resourcegroups/mas-demo-rg/providers/microsoft.containerservice/managedclusters/mas-demo-aks"
"56608c29-c876-4f36-8532-83b7db336e04",Containers,"9/24/2025, 5:59:25.000 AM","aks-userpool-32080101-vmss000000",Pod,default,"mas-app-5fbfc6f798-sjrxp",BackOff,"Back-off restarting failed container mas-app in pod mas-app-5fbfc6f798-sjrxp_default(b60b5672-1f35-4a94-8715-5042623d6729)",Warning,kubelet,"9/24/2025, 5:59:25.000 AM","9/24/2025, 9:14:36.000 AM",900,"mas-demo-aks","/subscriptions/33ff7dc7-1c36-4d2b-b62b-e4374ca2dbff/resourceGroups/mas-demo-rg/providers/Microsoft.ContainerService/managedClusters/mas-demo-aks",KubeEvents,"/subscriptions/33ff7dc7-1c36-4d2b-b62b-e4374ca2dbff/resourcegroups/mas-demo-rg/providers/microsoft.containerservice/managedclusters/mas-demo-aks"
"56608c29-c876-4f36-8532-83b7db336e04",Containers,"9/24/2025, 5:59:25.000 AM","aks-userpool-32080101-vmss000000",Pod,default,"mas-app-5fbfc6f798-sjrxp",BackOff,"Back-off restarting failed container mas-app in pod mas-app-5fbfc6f798-sjrxp_default(b60b5672-1f35-4a94-8715-5042623d6729)",Warning,kubelet,"9/24/2025, 5:59:25.000 AM","9/24/2025, 7:29:31.000 AM",414,"mas-demo-aks","/subscriptions/33ff7dc7-1c36-4d2b-b62b-e4374ca2dbff/resourceGroups/mas-demo-rg/providers/Microsoft.ContainerService/managedClusters/mas-demo-aks",KubeEvents,"/subscriptions/33ff7dc7-1c36-4d2b-b62b-e4374ca2dbff/resourcegroups/mas-demo-rg/providers/microsoft.containerservice/managedclusters/mas-demo-aks"
"56608c29-c876-4f36-8532-83b7db336e04",Containers,"9/24/2025, 5:59:25.000 AM","aks-userpool-32080101-vmss000000",Pod,default,"mas-app-5fbfc6f798-sjrxp",BackOff,"Back-off restarting failed container mas-app in pod mas-app-5fbfc6f798-sjrxp_default(b60b5672-1f35-4a94-8715-5042623d6729)",Warning,kubelet,"9/24/2025, 5:59:25.000 AM","9/24/2025, 8:44:29.000 AM",761,"mas-demo-aks","/subscriptions/33ff7dc7-1c36-4d2b-b62b-e4374ca2dbff/resourceGroups/mas-demo-rg/providers/Microsoft.ContainerService/managedClusters/mas-demo-aks",KubeEvents,"/subscriptions/33ff7dc7-1c36-4d2b-b62b-e4374ca2dbff/resourcegroups/mas-demo-rg/providers/microsoft.containerservice/managedclusters/mas-demo-aks"
"56608c29-c876-4f36-8532-83b7db336e04",Containers,"9/24/2025, 5:59:25.000 AM","aks-userpool-32080101-vmss000000",Pod,default,"mas-app-5fbfc6f798-sjrxp",BackOff,"Back-off restarting failed container mas-app in pod mas-app-5fbfc6f798-sjrxp_default(b60b5672-1f35-4a94-8715-5042623d6729)",Warning,kubelet,"9/24/2025, 5:59:25.000 AM","9/24/2025, 6:49:37.000 AM",232,"mas-demo-aks","/subscriptions/33ff7dc7-1c36-4d2b-b62b-e4374ca2dbff/resourceGroups/mas-demo-rg/providers/Microsoft.ContainerService/managedClusters/mas-demo-aks",KubeEvents,"/subscriptions/33ff7dc7-1c36-4d2b-b62b-e4374ca2dbff/resourcegroups/mas-demo-rg/providers/microsoft.containerservice/managedclusters/mas-demo-aks"
"56608c29-c876-4f36-8532-83b7db336e04",Containers,"9/24/2025, 5:59:25.000 AM","aks-userpool-32080101-vmss000000",Pod,default,"mas-app-5fbfc6f798-sjrxp",BackOff,"Back-off restarting failed container mas-app in pod mas-app-5fbfc6f798-sjrxp_default(b60b5672-1f35-4a94-8715-5042623d6729)",Warning,kubelet,"9/24/2025, 5:59:25.000 AM","9/24/2025, 6:39:29.000 AM",186,"mas-demo-aks","/subscriptions/33ff7dc7-1c36-4d2b-b62b-e4374ca2dbff/resourceGroups/mas-demo-rg/providers/Microsoft.ContainerService/managedClusters/mas-demo-aks",KubeEvents,"/subscriptions/33ff7dc7-1c36-4d2b-b62b-e4374ca2dbff/resourcegroups/mas-demo-rg/providers/microsoft.containerservice/managedclusters/mas-demo-aks"
"56608c29-c876-4f36-8532-83b7db336e04",Containers,"9/24/2025, 5:59:25.000 AM","aks-userpool-32080101-vmss000000",Pod,default,"mas-app-5fbfc6f798-sjrxp",BackOff,"Back-off restarting failed container mas-app in pod mas-app-5fbfc6f798-sjrxp_default(b60b5672-1f35-4a94-8715-5042623d6729)",Warning,kubelet,"9/24/2025, 5:59:25.000 AM","9/24/2025, 8:54:34.000 AM",807,"mas-demo-aks","/subscriptions/33ff7dc7-1c36-4d2b-b62b-e4374ca2dbff/resourceGroups/mas-demo-rg/providers/Microsoft.ContainerService/managedClusters/mas-demo-aks",KubeEvents,"/subscriptions/33ff7dc7-1c36-4d2b-b62b-e4374ca2dbff/resourcegroups/mas-demo-rg/providers/microsoft.containerservice/managedclusters/mas-demo-aks"
"56608c29-c876-4f36-8532-83b7db336e04",Containers,"9/24/2025, 5:59:25.000 AM","aks-userpool-32080101-vmss000000",Pod,default,"mas-app-5fbfc6f798-sjrxp",BackOff,"Back-off restarting failed container mas-app in pod mas-app-5fbfc6f798-sjrxp_default(b60b5672-1f35-4a94-8715-5042623d6729)",Warning,kubelet,"9/24/2025, 5:59:25.000 AM","9/24/2025, 8:09:30.000 AM",600,"mas-demo-aks","/subscriptions/33ff7dc7-1c36-4d2b-b62b-e4374ca2dbff/resourceGroups/mas-demo-rg/providers/Microsoft.ContainerService/managedClusters/mas-demo-aks",KubeEvents,"/subscriptions/33ff7dc7-1c36-4d2b-b62b-e4374ca2dbff/resourcegroups/mas-demo-rg/providers/microsoft.containerservice/managedclusters/mas-demo-aks"
"56608c29-c876-4f36-8532-83b7db336e04",Containers,"9/24/2025, 5:59:25.000 AM","aks-userpool-32080101-vmss000000",Pod,default,"mas-app-5fbfc6f798-sjrxp",BackOff,"Back-off restarting failed container mas-app in pod mas-app-5fbfc6f798-sjrxp_default(b60b5672-1f35-4a94-8715-5042623d6729)",Warning,kubelet,"9/24/2025, 5:59:25.000 AM","9/24/2025, 5:59:25.000 AM",1,"mas-demo-aks","/subscriptions/33ff7dc7-1c36-4d2b-b62b-e4374ca2dbff/resourceGroups/mas-demo-rg/providers/Microsoft.ContainerService/managedClusters/mas-demo-aks",KubeEvents,"/subscriptions/33ff7dc7-1c36-4d2b-b62b-e4374ca2dbff/resourcegroups/mas-demo-rg/providers/microsoft.containerservice/managedclusters/mas-demo-aks"
"56608c29-c876-4f36-8532-83b7db336e04",Containers,"9/24/2025, 5:59:25.000 AM","aks-userpool-32080101-vmss000000",Pod,default,"mas-app-5fbfc6f798-sjrxp",BackOff,"Back-off restarting failed container mas-app in pod mas-app-5fbfc6f798-sjrxp_default(b60b5672-1f35-4a94-8715-5042623d6729)",Warning,kubelet,"9/24/2025, 5:59:25.000 AM","9/24/2025, 7:59:33.000 AM",554,"mas-demo-aks","/subscriptions/33ff7dc7-1c36-4d2b-b62b-e4374ca2dbff/resourceGroups/mas-demo-rg/providers/Microsoft.ContainerService/managedClusters/mas-demo-aks",KubeEvents,"/subscriptions/33ff7dc7-1c36-4d2b-b62b-e4374ca2dbff/resourcegroups/mas-demo-rg/providers/microsoft.containerservice/managedclusters/mas-demo-aks"
"56608c29-c876-4f36-8532-83b7db336e04",Containers,"9/24/2025, 5:59:25.000 AM","aks-userpool-32080101-vmss000000",Pod,default,"mas-app-5fbfc6f798-sjrxp",BackOff,"Back-off restarting failed container mas-app in pod mas-app-5fbfc6f798-sjrxp_default(b60b5672-1f35-4a94-8715-5042623d6729)",Warning,kubelet,"9/24/2025, 5:59:25.000 AM","9/24/2025, 7:44:27.000 AM",484,"mas-demo-aks","/subscriptions/33ff7dc7-1c36-4d2b-b62b-e4374ca2dbff/resourceGroups/mas-demo-rg/providers/Microsoft.ContainerService/managedClusters/mas-demo-aks",KubeEvents,"/subscriptions/33ff7dc7-1c36-4d2b-b62b-e4374ca2dbff/resourcegroups/mas-demo-rg/providers/microsoft.containerservice/managedclusters/mas-demo-aks"
"56608c29-c876-4f36-8532-83b7db336e04",Containers,"9/24/2025, 5:59:25.000 AM","aks-userpool-32080101-vmss000000",Pod,default,"mas-app-5fbfc6f798-sjrxp",BackOff,"Back-off restarting failed container mas-app in pod mas-app-5fbfc6f798-sjrxp_default(b60b5672-1f35-4a94-8715-5042623d6729)",Warning,kubelet,"9/24/2025, 5:59:25.000 AM","9/24/2025, 6:34:28.000 AM",163,"mas-demo-aks","/subscriptions/33ff7dc7-1c36-4d2b-b62b-e4374ca2dbff/resourceGroups/mas-demo-rg/providers/Microsoft.ContainerService/managedClusters/mas-demo-aks",KubeEvents,"/subscriptions/33ff7dc7-1c36-4d2b-b62b-e4374ca2dbff/resourcegroups/mas-demo-rg/providers/microsoft.containerservice/managedclusters/mas-demo-aks"
"56608c29-c876-4f36-8532-83b7db336e04",Containers,"9/24/2025, 5:59:25.000 AM","aks-userpool-32080101-vmss000000",Pod,default,"mas-app-5fbfc6f798-sjrxp",BackOff,"Back-off restarting failed container mas-app in pod mas-app-5fbfc6f798-sjrxp_default(b60b5672-1f35-4a94-8715-5042623d6729)",Warning,kubelet,"9/24/2025, 5:59:25.000 AM","9/24/2025, 7:04:31.000 AM",300,"mas-demo-aks","/subscriptions/33ff7dc7-1c36-4d2b-b62b-e4374ca2dbff/resourceGroups/mas-demo-rg/providers/Microsoft.ContainerService/managedClusters/mas-demo-aks",KubeEvents,"/subscriptions/33ff7dc7-1c36-4d2b-b62b-e4374ca2dbff/resourcegroups/mas-demo-rg/providers/microsoft.containerservice/managedclusters/mas-demo-aks"
"56608c29-c876-4f36-8532-83b7db336e04",Containers,"9/24/2025, 5:59:25.000 AM","aks-userpool-32080101-vmss000000",Pod,default,"mas-app-5fbfc6f798-sjrxp",BackOff,"Back-off restarting failed container mas-app in pod mas-app-5fbfc6f798-sjrxp_default(b60b5672-1f35-4a94-8715-5042623d6729)",Warning,kubelet,"9/24/2025, 5:59:25.000 AM","9/24/2025, 8:34:35.000 AM",716,"mas-demo-aks","/subscriptions/33ff7dc7-1c36-4d2b-b62b-e4374ca2dbff/resourceGroups/mas-demo-rg/providers/Microsoft.ContainerService/managedClusters/mas-demo-aks",KubeEvents,"/subscriptions/33ff7dc7-1c36-4d2b-b62b-e4374ca2dbff/resourcegroups/mas-demo-rg/providers/microsoft.containerservice/managedclusters/mas-demo-aks"
"56608c29-c876-4f36-8532-83b7db336e04",Containers,"9/24/2025, 5:59:25.000 AM","aks-userpool-32080101-vmss000000",Pod,default,"mas-app-5fbfc6f798-sjrxp",BackOff,"Back-off restarting failed container mas-app in pod mas-app-5fbfc6f798-sjrxp_default(b60b5672-1f35-4a94-8715-5042623d6729)",Warning,kubelet,"9/24/2025, 5:59:25.000 AM","9/24/2025, 6:14:35.000 AM",71,"mas-demo-aks","/subscriptions/33ff7dc7-1c36-4d2b-b62b-e4374ca2dbff/resourceGroups/mas-demo-rg/providers/Microsoft.ContainerService/managedClusters/mas-demo-aks",KubeEvents,"/subscriptions/33ff7dc7-1c36-4d2b-b62b-e4374ca2dbff/resourcegroups/mas-demo-rg/providers/microsoft.containerservice/managedclusters/mas-demo-aks"
"56608c29-c876-4f36-8532-83b7db336e04",Containers,"9/24/2025, 1:49:49.000 AM",,Pod,"kube-system","coredns-autoscaler-777944c647-9c8z6",FailedScheduling,"no nodes available to schedule pods",Warning,"default-scheduler","9/24/2025, 1:49:49.000 AM","9/24/2025, 1:50:34.000 AM",8,"mas-demo-aks","/subscriptions/33ff7dc7-1c36-4d2b-b62b-e4374ca2dbff/resourceGroups/mas-demo-rg/providers/Microsoft.ContainerService/managedClusters/mas-demo-aks",KubeEvents,"/subscriptions/33ff7dc7-1c36-4d2b-b62b-e4374ca2dbff/resourcegroups/mas-demo-rg/providers/microsoft.containerservice/managedclusters/mas-demo-aks"
"56608c29-c876-4f36-8532-83b7db336e04",Containers,"9/24/2025, 1:49:49.000 AM",,Pod,"kube-system","coredns-6f776c8fb5-d8srq",FailedScheduling,"no nodes available to schedule pods",Warning,"default-scheduler","9/24/2025, 1:49:49.000 AM","9/24/2025, 1:50:34.000 AM",8,"mas-demo-aks","/subscriptions/33ff7dc7-1c36-4d2b-b62b-e4374ca2dbff/resourceGroups/mas-demo-rg/providers/Microsoft.ContainerService/managedClusters/mas-demo-aks",KubeEvents,"/subscriptions/33ff7dc7-1c36-4d2b-b62b-e4374ca2dbff/resourcegroups/mas-demo-rg/providers/microsoft.containerservice/managedclusters/mas-demo-aks"
"56608c29-c876-4f36-8532-83b7db336e04",Containers,"9/24/2025, 1:49:50.000 AM",,Pod,"kube-system","metrics-server-867c8845b7-b848w",FailedScheduling,"no nodes available to schedule pods",Warning,"default-scheduler","9/24/2025, 1:49:50.000 AM","9/24/2025, 1:50:35.000 AM",8,"mas-demo-aks","/subscriptions/33ff7dc7-1c36-4d2b-b62b-e4374ca2dbff/resourceGroups/mas-demo-rg/providers/Microsoft.ContainerService/managedClusters/mas-demo-aks",KubeEvents,"/subscriptions/33ff7dc7-1c36-4d2b-b62b-e4374ca2dbff/resourcegroups/mas-demo-rg/providers/microsoft.containerservice/managedclusters/mas-demo-aks"
"56608c29-c876-4f36-8532-83b7db336e04",Containers,"9/24/2025, 1:49:50.000 AM",,Pod,"kube-system","metrics-server-867c8845b7-c9r82",FailedScheduling,"no nodes available to schedule pods",Warning,"default-scheduler","9/24/2025, 1:49:50.000 AM","9/24/2025, 1:50:35.000 AM",8,"mas-demo-aks","/subscriptions/33ff7dc7-1c36-4d2b-b62b-e4374ca2dbff/resourceGroups/mas-demo-rg/providers/Microsoft.ContainerService/managedClusters/mas-demo-aks",KubeEvents,"/subscriptions/33ff7dc7-1c36-4d2b-b62b-e4374ca2dbff/resourcegroups/mas-demo-rg/providers/microsoft.containerservice/managedclusters/mas-demo-aks"
"56608c29-c876-4f36-8532-83b7db336e04",Containers,"9/24/2025, 1:49:50.000 AM",,Pod,"kube-system","konnectivity-agent-autoscaler-6ddd978bfc-w86hs",FailedScheduling,"no nodes available to schedule pods",Warning,"default-scheduler","9/24/2025, 1:49:50.000 AM","9/24/2025, 1:50:35.000 AM",8,"mas-demo-aks","/subscriptions/33ff7dc7-1c36-4d2b-b62b-e4374ca2dbff/resourceGroups/mas-demo-rg/providers/Microsoft.ContainerService/managedClusters/mas-demo-aks",KubeEvents,"/subscriptions/33ff7dc7-1c36-4d2b-b62b-e4374ca2dbff/resourcegroups/mas-demo-rg/providers/microsoft.containerservice/managedclusters/mas-demo-aks"
"56608c29-c876-4f36-8532-83b7db336e04",Containers,"9/24/2025, 1:49:50.000 AM",,Pod,"kube-system","konnectivity-agent-67fc6b9dbc-mwlwh",FailedScheduling,"no nodes available to schedule pods",Warning,"default-scheduler","9/24/2025, 1:49:50.000 AM","9/24/2025, 1:50:35.000 AM",8,"mas-demo-aks","/subscriptions/33ff7dc7-1c36-4d2b-b62b-e4374ca2dbff/resourceGroups/mas-demo-rg/providers/Microsoft.ContainerService/managedClusters/mas-demo-aks",KubeEvents,"/subscriptions/33ff7dc7-1c36-4d2b-b62b-e4374ca2dbff/resourcegroups/mas-demo-rg/providers/microsoft.containerservice/managedclusters/mas-demo-aks"
"56608c29-c876-4f36-8532-83b7db336e04",Containers,"9/24/2025, 1:49:53.000 AM",,ReplicaSet,"kube-system","azure-policy-655d988cd",FailedCreate,"Error creating: pods ""azure-policy-655d988cd-"" is forbidden: error looking up service account kube-system/azure-policy: serviceaccount ""azure-policy"" not found",Warning,"replicaset-controller","9/24/2025, 1:49:53.000 AM","9/24/2025, 1:49:53.000 AM",1,"mas-demo-aks","/subscriptions/33ff7dc7-1c36-4d2b-b62b-e4374ca2dbff/resourceGroups/mas-demo-rg/providers/Microsoft.ContainerService/managedClusters/mas-demo-aks",KubeEvents,"/subscriptions/33ff7dc7-1c36-4d2b-b62b-e4374ca2dbff/resourcegroups/mas-demo-rg/providers/microsoft.containerservice/managedclusters/mas-demo-aks"
"56608c29-c876-4f36-8532-83b7db336e04",Containers,"9/24/2025, 1:49:53.000 AM",,Pod,"kube-system","azure-policy-655d988cd-2m48g",FailedScheduling,"no nodes available to schedule pods",Warning,"default-scheduler","9/24/2025, 1:49:53.000 AM","9/24/2025, 1:50:39.000 AM",8,"mas-demo-aks","/subscriptions/33ff7dc7-1c36-4d2b-b62b-e4374ca2dbff/resourceGroups/mas-demo-rg/providers/Microsoft.ContainerService/managedClusters/mas-demo-aks",KubeEvents,"/subscriptions/33ff7dc7-1c36-4d2b-b62b-e4374ca2dbff/resourcegroups/mas-demo-rg/providers/microsoft.containerservice/managedclusters/mas-demo-aks"
"56608c29-c876-4f36-8532-83b7db336e04",Containers,"9/24/2025, 1:49:54.000 AM",,Pod,"kube-system","azure-policy-webhook-c945d9dbf-dlzp4",FailedScheduling,"no nodes available to schedule pods",Warning,"default-scheduler","9/24/2025, 1:49:54.000 AM","9/24/2025, 1:50:39.000 AM",8,"mas-demo-aks","/subscriptions/33ff7dc7-1c36-4d2b-b62b-e4374ca2dbff/resourceGroups/mas-demo-rg/providers/Microsoft.ContainerService/managedClusters/mas-demo-aks",KubeEvents,"/subscriptions/33ff7dc7-1c36-4d2b-b62b-e4374ca2dbff/resourcegroups/mas-demo-rg/providers/microsoft.containerservice/managedclusters/mas-demo-aks"
"56608c29-c876-4f36-8532-83b7db336e04",Containers,"9/24/2025, 1:49:55.000 AM",,Pod,"gatekeeper-system","gatekeeper-audit-666dc6d987-xl7gz",FailedScheduling,"no nodes available to schedule pods",Warning,"default-scheduler","9/24/2025, 1:49:55.000 AM","9/24/2025, 1:50:40.000 AM",8,"mas-demo-aks","/subscriptions/33ff7dc7-1c36-4d2b-b62b-e4374ca2dbff/resourceGroups/mas-demo-rg/providers/Microsoft.ContainerService/managedClusters/mas-demo-aks",KubeEvents,"/subscriptions/33ff7dc7-1c36-4d2b-b62b-e4374ca2dbff/resourcegroups/mas-demo-rg/providers/microsoft.containerservice/managedclusters/mas-demo-aks"
"56608c29-c876-4f36-8532-83b7db336e04",Containers,"9/24/2025, 1:49:55.000 AM",,Pod,"gatekeeper-system","gatekeeper-controller-68896bd7c6-fqtnh",FailedScheduling,"no nodes available to schedule pods",Warning,"default-scheduler","9/24/2025, 1:49:55.000 AM","9/24/2025, 1:50:40.000 AM",8,"mas-demo-aks","/subscriptions/33ff7dc7-1c36-4d2b-b62b-e4374ca2dbff/resourceGroups/mas-demo-rg/providers/Microsoft.ContainerService/managedClusters/mas-demo-aks",KubeEvents,"/subscriptions/33ff7dc7-1c36-4d2b-b62b-e4374ca2dbff/resourcegroups/mas-demo-rg/providers/microsoft.containerservice/managedclusters/mas-demo-aks"
"56608c29-c876-4f36-8532-83b7db336e04",Containers,"9/24/2025, 1:49:55.000 AM",,Pod,"gatekeeper-system","gatekeeper-controller-68896bd7c6-t229k",FailedScheduling,"no nodes available to schedule pods",Warning,"default-scheduler","9/24/2025, 1:49:55.000 AM","9/24/2025, 1:50:40.000 AM",8,"mas-demo-aks","/subscriptions/33ff7dc7-1c36-4d2b-b62b-e4374ca2dbff/resourceGroups/mas-demo-rg/providers/Microsoft.ContainerService/managedClusters/mas-demo-aks",KubeEvents,"/subscriptions/33ff7dc7-1c36-4d2b-b62b-e4374ca2dbff/resourcegroups/mas-demo-rg/providers/microsoft.containerservice/managedclusters/mas-demo-aks"
"56608c29-c876-4f36-8532-83b7db336e04",Containers,"9/24/2025, 1:50:44.000 AM",,Pod,"kube-system","coredns-6f776c8fb5-d8srq",FailedScheduling,"0/1 nodes are available: 1 node(s) had untolerated taint {node.cloudprovider.kubernetes.io/uninitialized: true}. preemption: 0/1 nodes are available: 1 Preemption is not helpful for scheduling.",Warning,"default-scheduler","9/24/2025, 1:50:44.000 AM","9/24/2025, 1:50:44.000 AM",1,"mas-demo-aks","/subscriptions/33ff7dc7-1c36-4d2b-b62b-e4374ca2dbff/resourceGroups/mas-demo-rg/providers/Microsoft.ContainerService/managedClusters/mas-demo-aks",KubeEvents,"/subscriptions/33ff7dc7-1c36-4d2b-b62b-e4374ca2dbff/resourcegroups/mas-demo-rg/providers/microsoft.containerservice/managedclusters/mas-demo-aks"
"56608c29-c876-4f36-8532-83b7db336e04",Containers,"9/24/2025, 1:50:44.000 AM",,Pod,"kube-system","coredns-autoscaler-777944c647-9c8z6",FailedScheduling,"0/1 nodes are available: 1 node(s) had untolerated taint {node.cloudprovider.kubernetes.io/uninitialized: true}. preemption: 0/1 nodes are available: 1 Preemption is not helpful for scheduling.",Warning,"default-scheduler","9/24/2025, 1:50:44.000 AM","9/24/2025, 1:50:44.000 AM",1,"mas-demo-aks","/subscriptions/33ff7dc7-1c36-4d2b-b62b-e4374ca2dbff/resourceGroups/mas-demo-rg/providers/Microsoft.ContainerService/managedClusters/mas-demo-aks",KubeEvents,"/subscriptions/33ff7dc7-1c36-4d2b-b62b-e4374ca2dbff/resourcegroups/mas-demo-rg/providers/microsoft.containerservice/managedclusters/mas-demo-aks"
"56608c29-c876-4f36-8532-83b7db336e04",Containers,"9/24/2025, 1:50:45.000 AM",,Pod,"kube-system","metrics-server-867c8845b7-c9r82",FailedScheduling,"0/1 nodes are available: 1 node(s) had untolerated taint {node.cloudprovider.kubernetes.io/uninitialized: true}. preemption: 0/1 nodes are available: 1 Preemption is not helpful for scheduling.",Warning,"default-scheduler","9/24/2025, 1:50:45.000 AM","9/24/2025, 1:50:45.000 AM",1,"mas-demo-aks","/subscriptions/33ff7dc7-1c36-4d2b-b62b-e4374ca2dbff/resourceGroups/mas-demo-rg/providers/Microsoft.ContainerService/managedClusters/mas-demo-aks",KubeEvents,"/subscriptions/33ff7dc7-1c36-4d2b-b62b-e4374ca2dbff/resourcegroups/mas-demo-rg/providers/microsoft.containerservice/managedclusters/mas-demo-aks"
"56608c29-c876-4f36-8532-83b7db336e04",Containers,"9/24/2025, 1:50:45.000 AM",,Pod,"kube-system","metrics-server-867c8845b7-b848w",FailedScheduling,"0/1 nodes are available: 1 node(s) had untolerated taint {node.cloudprovider.kubernetes.io/uninitialized: true}. preemption: 0/1 nodes are available: 1 Preemption is not helpful for scheduling.",Warning,"default-scheduler","9/24/2025, 1:50:45.000 AM","9/24/2025, 1:50:45.000 AM",1,"mas-demo-aks","/subscriptions/33ff7dc7-1c36-4d2b-b62b-e4374ca2dbff/resourceGroups/mas-demo-rg/providers/Microsoft.ContainerService/managedClusters/mas-demo-aks",KubeEvents,"/subscriptions/33ff7dc7-1c36-4d2b-b62b-e4374ca2dbff/resourcegroups/mas-demo-rg/providers/microsoft.containerservice/managedclusters/mas-demo-aks"
"56608c29-c876-4f36-8532-83b7db336e04",Containers,"9/24/2025, 1:50:45.000 AM",,Pod,"kube-system","konnectivity-agent-autoscaler-6ddd978bfc-w86hs",FailedScheduling,"0/1 nodes are available: 1 node(s) had untolerated taint {node.cloudprovider.kubernetes.io/uninitialized: true}. preemption: 0/1 nodes are available: 1 Preemption is not helpful for scheduling.",Warning,"default-scheduler","9/24/2025, 1:50:45.000 AM","9/24/2025, 1:50:45.000 AM",1,"mas-demo-aks","/subscriptions/33ff7dc7-1c36-4d2b-b62b-e4374ca2dbff/resourceGroups/mas-demo-rg/providers/Microsoft.ContainerService/managedClusters/mas-demo-aks",KubeEvents,"/subscriptions/33ff7dc7-1c36-4d2b-b62b-e4374ca2dbff/resourcegroups/mas-demo-rg/providers/microsoft.containerservice/managedclusters/mas-demo-aks"
"56608c29-c876-4f36-8532-83b7db336e04",Containers,"9/24/2025, 1:50:45.000 AM",,Pod,"kube-system","konnectivity-agent-67fc6b9dbc-mwlwh",FailedScheduling,"0/1 nodes are available: 1 node(s) had untolerated taint {node.cloudprovider.kubernetes.io/uninitialized: true}. preemption: 0/1 nodes are available: 1 Preemption is not helpful for scheduling.",Warning,"default-scheduler","9/24/2025, 1:50:45.000 AM","9/24/2025, 1:50:45.000 AM",1,"mas-demo-aks","/subscriptions/33ff7dc7-1c36-4d2b-b62b-e4374ca2dbff/resourceGroups/mas-demo-rg/providers/Microsoft.ContainerService/managedClusters/mas-demo-aks",KubeEvents,"/subscriptions/33ff7dc7-1c36-4d2b-b62b-e4374ca2dbff/resourcegroups/mas-demo-rg/providers/microsoft.containerservice/managedclusters/mas-demo-aks"
"56608c29-c876-4f36-8532-83b7db336e04",Containers,"9/24/2025, 1:50:49.000 AM",,Pod,"kube-system","azure-policy-655d988cd-2m48g",FailedScheduling,"0/2 nodes are available: 2 node(s) had untolerated taint {node.cloudprovider.kubernetes.io/uninitialized: true}. preemption: 0/2 nodes are available: 2 Preemption is not helpful for scheduling.",Warning,"default-scheduler","9/24/2025, 1:50:49.000 AM","9/24/2025, 1:50:49.000 AM",1,"mas-demo-aks","/subscriptions/33ff7dc7-1c36-4d2b-b62b-e4374ca2dbff/resourceGroups/mas-demo-rg/providers/Microsoft.ContainerService/managedClusters/mas-demo-aks",KubeEvents,"/subscriptions/33ff7dc7-1c36-4d2b-b62b-e4374ca2dbff/resourcegroups/mas-demo-rg/providers/microsoft.containerservice/managedclusters/mas-demo-aks"
"56608c29-c876-4f36-8532-83b7db336e04",Containers,"9/24/2025, 1:50:49.000 AM",,Pod,"kube-system","azure-policy-webhook-c945d9dbf-dlzp4",FailedScheduling,"0/2 nodes are available: 2 node(s) had untolerated taint {node.cloudprovider.kubernetes.io/uninitialized: true}. preemption: 0/2 nodes are available: 2 Preemption is not helpful for scheduling.",Warning,"default-scheduler","9/24/2025, 1:50:49.000 AM","9/24/2025, 1:50:49.000 AM",1,"mas-demo-aks","/subscriptions/33ff7dc7-1c36-4d2b-b62b-e4374ca2dbff/resourceGroups/mas-demo-rg/providers/Microsoft.ContainerService/managedClusters/mas-demo-aks",KubeEvents,"/subscriptions/33ff7dc7-1c36-4d2b-b62b-e4374ca2dbff/resourcegroups/mas-demo-rg/providers/microsoft.containerservice/managedclusters/mas-demo-aks"
"56608c29-c876-4f36-8532-83b7db336e04",Containers,"9/24/2025, 1:50:50.000 AM",,Pod,"gatekeeper-system","gatekeeper-controller-68896bd7c6-t229k",FailedScheduling,"0/2 nodes are available: 2 node(s) had untolerated taint {node.cloudprovider.kubernetes.io/uninitialized: true}. preemption: 0/2 nodes are available: 2 Preemption is not helpful for scheduling.",Warning,"default-scheduler","9/24/2025, 1:50:50.000 AM","9/24/2025, 1:50:50.000 AM",1,"mas-demo-aks","/subscriptions/33ff7dc7-1c36-4d2b-b62b-e4374ca2dbff/resourceGroups/mas-demo-rg/providers/Microsoft.ContainerService/managedClusters/mas-demo-aks",KubeEvents,"/subscriptions/33ff7dc7-1c36-4d2b-b62b-e4374ca2dbff/resourcegroups/mas-demo-rg/providers/microsoft.containerservice/managedclusters/mas-demo-aks"
"56608c29-c876-4f36-8532-83b7db336e04",Containers,"9/24/2025, 1:50:50.000 AM",,Pod,"gatekeeper-system","gatekeeper-audit-666dc6d987-xl7gz",FailedScheduling,"0/2 nodes are available: 2 node(s) had untolerated taint {node.cloudprovider.kubernetes.io/uninitialized: true}. preemption: 0/2 nodes are available: 2 Preemption is not helpful for scheduling.",Warning,"default-scheduler","9/24/2025, 1:50:50.000 AM","9/24/2025, 1:50:50.000 AM",1,"mas-demo-aks","/subscriptions/33ff7dc7-1c36-4d2b-b62b-e4374ca2dbff/resourceGroups/mas-demo-rg/providers/Microsoft.ContainerService/managedClusters/mas-demo-aks",KubeEvents,"/subscriptions/33ff7dc7-1c36-4d2b-b62b-e4374ca2dbff/resourcegroups/mas-demo-rg/providers/microsoft.containerservice/managedclusters/mas-demo-aks"
"56608c29-c876-4f36-8532-83b7db336e04",Containers,"9/24/2025, 1:50:50.000 AM",,Pod,"gatekeeper-system","gatekeeper-controller-68896bd7c6-fqtnh",FailedScheduling,"0/2 nodes are available: 2 node(s) had untolerated taint {node.cloudprovider.kubernetes.io/uninitialized: true}. preemption: 0/2 nodes are available: 2 Preemption is not helpful for scheduling.",Warning,"default-scheduler","9/24/2025, 1:50:50.000 AM","9/24/2025, 1:50:50.000 AM",1,"mas-demo-aks","/subscriptions/33ff7dc7-1c36-4d2b-b62b-e4374ca2dbff/resourceGroups/mas-demo-rg/providers/Microsoft.ContainerService/managedClusters/mas-demo-aks",KubeEvents,"/subscriptions/33ff7dc7-1c36-4d2b-b62b-e4374ca2dbff/resourcegroups/mas-demo-rg/providers/microsoft.containerservice/managedclusters/mas-demo-aks"
"56608c29-c876-4f36-8532-83b7db336e04",Containers,"9/24/2025, 1:51:00.000 AM","aks-userpool-32080101-vmss000000",Pod,"kube-system","azure-cns-98xdq",Unhealthy,"Startup probe failed: Get ""http://10.224.0.5:10092/healthz"": dial tcp 10.224.0.5:10092: connect: connection refused",Warning,kubelet,"9/24/2025, 1:51:00.000 AM","9/24/2025, 1:51:00.000 AM",1,"mas-demo-aks","/subscriptions/33ff7dc7-1c36-4d2b-b62b-e4374ca2dbff/resourceGroups/mas-demo-rg/providers/Microsoft.ContainerService/managedClusters/mas-demo-aks",KubeEvents,"/subscriptions/33ff7dc7-1c36-4d2b-b62b-e4374ca2dbff/resourcegroups/mas-demo-rg/providers/microsoft.containerservice/managedclusters/mas-demo-aks"
"56608c29-c876-4f36-8532-83b7db336e04",Containers,"9/24/2025, 1:51:14.000 AM","aks-userpool-32080101-vmss000000",Pod,"kube-system","coredns-6f776c8fb5-d8srq",Unhealthy,"Readiness probe failed: Get ""http://10.244.0.28:8181/ready"": dial tcp 10.244.0.28:8181: connect: connection refused",Warning,kubelet,"9/24/2025, 1:51:14.000 AM","9/24/2025, 1:51:25.000 AM",3,"mas-demo-aks","/subscriptions/33ff7dc7-1c36-4d2b-b62b-e4374ca2dbff/resourceGroups/mas-demo-rg/providers/Microsoft.ContainerService/managedClusters/mas-demo-aks",KubeEvents,"/subscriptions/33ff7dc7-1c36-4d2b-b62b-e4374ca2dbff/resourcegroups/mas-demo-rg/providers/microsoft.containerservice/managedclusters/mas-demo-aks"
"56608c29-c876-4f36-8532-83b7db336e04",Containers,"9/24/2025, 1:51:14.000 AM","aks-userpool-32080101-vmss000000",Pod,"kube-system","konnectivity-agent-67fc6b9dbc-mwlwh",Unhealthy,"Readiness probe failed: Get ""http://10.244.0.187:8082/ready"": dial tcp 10.244.0.187:8082: connect: connection refused",Warning,kubelet,"9/24/2025, 1:51:14.000 AM","9/24/2025, 1:51:16.000 AM",3,"mas-demo-aks","/subscriptions/33ff7dc7-1c36-4d2b-b62b-e4374ca2dbff/resourceGroups/mas-demo-rg/providers/Microsoft.ContainerService/managedClusters/mas-demo-aks",KubeEvents,"/subscriptions/33ff7dc7-1c36-4d2b-b62b-e4374ca2dbff/resourcegroups/mas-demo-rg/providers/microsoft.containerservice/managedclusters/mas-demo-aks"
"56608c29-c876-4f36-8532-83b7db336e04",Containers,"9/24/2025, 1:51:21.000 AM","aks-userpool-32080101-vmss000000",Pod,"gatekeeper-system","gatekeeper-controller-68896bd7c6-t229k",Unhealthy,"Readiness probe failed: HTTP probe failed with statuscode: 500",Warning,kubelet,"9/24/2025, 1:51:21.000 AM","9/24/2025, 1:51:38.000 AM",5,"mas-demo-aks","/subscriptions/33ff7dc7-1c36-4d2b-b62b-e4374ca2dbff/resourceGroups/mas-demo-rg/providers/Microsoft.ContainerService/managedClusters/mas-demo-aks",KubeEvents,"/subscriptions/33ff7dc7-1c36-4d2b-b62b-e4374ca2dbff/resourcegroups/mas-demo-rg/providers/microsoft.containerservice/managedclusters/mas-demo-aks"
"56608c29-c876-4f36-8532-83b7db336e04",Containers,"9/24/2025, 1:51:21.000 AM","aks-userpool-32080101-vmss000000",Pod,"gatekeeper-system","gatekeeper-audit-666dc6d987-xl7gz",Unhealthy,"Readiness probe failed: HTTP probe failed with statuscode: 500",Warning,kubelet,"9/24/2025, 1:51:21.000 AM","9/24/2025, 1:51:38.000 AM",5,"mas-demo-aks","/subscriptions/33ff7dc7-1c36-4d2b-b62b-e4374ca2dbff/resourceGroups/mas-demo-rg/providers/Microsoft.ContainerService/managedClusters/mas-demo-aks",KubeEvents,"/subscriptions/33ff7dc7-1c36-4d2b-b62b-e4374ca2dbff/resourcegroups/mas-demo-rg/providers/microsoft.containerservice/managedclusters/mas-demo-aks"
"56608c29-c876-4f36-8532-83b7db336e04",Containers,"9/24/2025, 1:51:21.000 AM","aks-userpool-32080101-vmss000000",Pod,"gatekeeper-system","gatekeeper-controller-68896bd7c6-fqtnh",Unhealthy,"Readiness probe failed: HTTP probe failed with statuscode: 500",Warning,kubelet,"9/24/2025, 1:51:21.000 AM","9/24/2025, 1:51:38.000 AM",4,"mas-demo-aks","/subscriptions/33ff7dc7-1c36-4d2b-b62b-e4374ca2dbff/resourceGroups/mas-demo-rg/providers/Microsoft.ContainerService/managedClusters/mas-demo-aks",KubeEvents,"/subscriptions/33ff7dc7-1c36-4d2b-b62b-e4374ca2dbff/resourcegroups/mas-demo-rg/providers/microsoft.containerservice/managedclusters/mas-demo-aks"
"56608c29-c876-4f36-8532-83b7db336e04",Containers,"9/24/2025, 1:51:23.000 AM","aks-agentpool-32080101-vmss000000",Pod,"kube-system","coredns-6f776c8fb5-54pd9",Unhealthy,"Readiness probe failed: Get ""http://10.244.1.144:8181/ready"": dial tcp 10.244.1.144:8181: connect: connection refused",Warning,kubelet,"9/24/2025, 1:51:23.000 AM","9/24/2025, 1:51:25.000 AM",3,"mas-demo-aks","/subscriptions/33ff7dc7-1c36-4d2b-b62b-e4374ca2dbff/resourceGroups/mas-demo-rg/providers/Microsoft.ContainerService/managedClusters/mas-demo-aks",KubeEvents,"/subscriptions/33ff7dc7-1c36-4d2b-b62b-e4374ca2dbff/resourcegroups/mas-demo-rg/providers/microsoft.containerservice/managedclusters/mas-demo-aks"
"56608c29-c876-4f36-8532-83b7db336e04",Containers,"9/24/2025, 1:51:23.000 AM","aks-agentpool-32080101-vmss000000",Pod,"kube-system","konnectivity-agent-67fc6b9dbc-dkcwr",Unhealthy,"Readiness probe failed: Get ""http://10.244.1.173:8082/ready"": dial tcp 10.244.1.173:8082: connect: connection refused",Warning,kubelet,"9/24/2025, 1:51:23.000 AM","9/24/2025, 1:51:24.000 AM",2,"mas-demo-aks","/subscriptions/33ff7dc7-1c36-4d2b-b62b-e4374ca2dbff/resourceGroups/mas-demo-rg/providers/Microsoft.ContainerService/managedClusters/mas-demo-aks",KubeEvents,"/subscriptions/33ff7dc7-1c36-4d2b-b62b-e4374ca2dbff/resourcegroups/mas-demo-rg/providers/microsoft.containerservice/managedclusters/mas-demo-aks"
"56608c29-c876-4f36-8532-83b7db336e04",Containers,"9/24/2025, 1:53:39.000 AM","aks-agentpool-32080101-vmss000000",Node,,"aks-agentpool-32080101-vmss000000",ContainerdStart,"Starting containerd container runtime...",Warning,"systemd-monitor","9/24/2025, 1:53:38.000 AM","9/24/2025, 1:53:39.000 AM",2,"mas-demo-aks","/subscriptions/33ff7dc7-1c36-4d2b-b62b-e4374ca2dbff/resourceGroups/mas-demo-rg/providers/Microsoft.ContainerService/managedClusters/mas-demo-aks",KubeEvents,"/subscriptions/33ff7dc7-1c36-4d2b-b62b-e4374ca2dbff/resourcegroups/mas-demo-rg/providers/microsoft.containerservice/managedclusters/mas-demo-aks"
"56608c29-c876-4f36-8532-83b7db336e04",Containers,"9/24/2025, 1:54:02.000 AM","aks-agentpool-32080101-vmss000000",Node,,"aks-agentpool-32080101-vmss000000",PreemptScheduled,"IMDS query failed, exit code: 28 Connection timed out after 24 seconds.",Warning,"custom-scheduledevents-consolidated-preempt-plugin-monitor","9/24/2025, 1:54:02.000 AM","9/24/2025, 1:54:02.000 AM",1,"mas-demo-aks","/subscriptions/33ff7dc7-1c36-4d2b-b62b-e4374ca2dbff/resourceGroups/mas-demo-rg/providers/Microsoft.ContainerService/managedClusters/mas-demo-aks",KubeEvents,"/subscriptions/33ff7dc7-1c36-4d2b-b62b-e4374ca2dbff/resourcegroups/mas-demo-rg/providers/microsoft.containerservice/managedclusters/mas-demo-aks"
"56608c29-c876-4f36-8532-83b7db336e04",Containers,"9/24/2025, 1:55:50.000 AM","aks-userpool-32080101-vmss000000",Node,,"aks-userpool-32080101-vmss000000",PreemptScheduled,"IMDS query failed, exit code: 28 Connection timed out after 24 seconds.",Warning,"custom-scheduledevents-consolidated-preempt-plugin-monitor","9/24/2025, 1:55:50.000 AM","9/24/2025, 1:56:42.000 AM",2,"mas-demo-aks","/subscriptions/33ff7dc7-1c36-4d2b-b62b-e4374ca2dbff/resourceGroups/mas-demo-rg/providers/Microsoft.ContainerService/managedClusters/mas-demo-aks",KubeEvents,"/subscriptions/33ff7dc7-1c36-4d2b-b62b-e4374ca2dbff/resourcegroups/mas-demo-rg/providers/microsoft.containerservice/managedclusters/mas-demo-aks"
"56608c29-c876-4f36-8532-83b7db336e04",Containers,"9/24/2025, 1:57:44.000 AM",,Pod,"kube-system","ama-logs-rbj46",FailedScheduling,"0/2 nodes are available: 1 Insufficient cpu, 1 node(s) didn't satisfy plugin(s) [NodeAffinity].",Warning,,,,0,"mas-demo-aks","/subscriptions/33ff7dc7-1c36-4d2b-b62b-e4374ca2dbff/resourceGroups/mas-demo-rg/providers/Microsoft.ContainerService/managedClusters/mas-demo-aks",KubeEvents,"/subscriptions/33ff7dc7-1c36-4d2b-b62b-e4374ca2dbff/resourcegroups/mas-demo-rg/providers/microsoft.containerservice/managedclusters/mas-demo-aks"
"56608c29-c876-4f36-8532-83b7db336e04",Containers,"9/24/2025, 1:57:46.000 AM","aks-agentpool-32080101-vmss000000",Pod,"kube-system","ama-metrics-ksm-bcfdd7489-jfw2r",Unhealthy,"Liveness probe failed: Get ""http://10.244.1.159:8080/livez"": dial tcp 10.244.1.159:8080: connect: connection refused",Warning,kubelet,"9/24/2025, 1:57:46.000 AM","9/24/2025, 1:57:46.000 AM",1,"mas-demo-aks","/subscriptions/33ff7dc7-1c36-4d2b-b62b-e4374ca2dbff/resourceGroups/mas-demo-rg/providers/Microsoft.ContainerService/managedClusters/mas-demo-aks",KubeEvents,"/subscriptions/33ff7dc7-1c36-4d2b-b62b-e4374ca2dbff/resourcegroups/mas-demo-rg/providers/microsoft.containerservice/managedclusters/mas-demo-aks"
"56608c29-c876-4f36-8532-83b7db336e04",Containers,"9/24/2025, 1:57:47.000 AM",,Pod,"kube-system","ama-logs-rbj46",FailedScheduling,"0/2 nodes are available: 1 Insufficient cpu, 1 node(s) didn't satisfy plugin(s) [NodeAffinity NodeResourcesFit]. preemption: not eligible due to a terminating pod on the nominated node.",Warning,,,,0,"mas-demo-aks","/subscriptions/33ff7dc7-1c36-4d2b-b62b-e4374ca2dbff/resourceGroups/mas-demo-rg/providers/Microsoft.ContainerService/managedClusters/mas-demo-aks",KubeEvents,"/subscriptions/33ff7dc7-1c36-4d2b-b62b-e4374ca2dbff/resourcegroups/mas-demo-rg/providers/microsoft.containerservice/managedclusters/mas-demo-aks"
"56608c29-c876-4f36-8532-83b7db336e04",Containers,"9/24/2025, 1:57:47.000 AM",,Pod,"kube-system","retina-agent-dwbn6",FailedScheduling,"0/2 nodes are available: 1 Insufficient cpu, 1 node(s) didn't satisfy plugin(s) [NodeAffinity]. preemption: 0/2 nodes are available: 1 No preemption victims found for incoming pod, 1 Preemption is not helpful for scheduling.",Warning,,,,0,"mas-demo-aks","/subscriptions/33ff7dc7-1c36-4d2b-b62b-e4374ca2dbff/resourceGroups/mas-demo-rg/providers/Microsoft.ContainerService/managedClusters/mas-demo-aks",KubeEvents,"/subscriptions/33ff7dc7-1c36-4d2b-b62b-e4374ca2dbff/resourcegroups/mas-demo-rg/providers/microsoft.containerservice/managedclusters/mas-demo-aks"
"56608c29-c876-4f36-8532-83b7db336e04",Containers,"9/24/2025, 1:57:48.000 AM","aks-agentpool-32080101-vmss000000",Pod,"kube-system","ama-metrics-ksm-bcfdd7489-jfw2r",Unhealthy,"Readiness probe failed: Get ""http://10.244.1.159:8081/readyz"": dial tcp 10.244.1.159:8081: connect: connection refused",Warning,kubelet,"9/24/2025, 1:57:48.000 AM","9/24/2025, 1:57:48.000 AM",1,"mas-demo-aks","/subscriptions/33ff7dc7-1c36-4d2b-b62b-e4374ca2dbff/resourceGroups/mas-demo-rg/providers/Microsoft.ContainerService/managedClusters/mas-demo-aks",KubeEvents,"/subscriptions/33ff7dc7-1c36-4d2b-b62b-e4374ca2dbff/resourcegroups/mas-demo-rg/providers/microsoft.containerservice/managedclusters/mas-demo-aks"
"56608c29-c876-4f36-8532-83b7db336e04",Containers,"9/24/2025, 1:57:49.000 AM",,Pod,"kube-system","retina-agent-dwbn6",FailedScheduling,"0/2 nodes are available: 1 Insufficient cpu, 1 node(s) didn't satisfy plugin(s) [NodeAffinity]. preemption: 0/2 nodes are available: 1 No preemption victims found for incoming pod, 1 Preemption is not helpful for scheduling.",Warning,,,,0,"mas-demo-aks","/subscriptions/33ff7dc7-1c36-4d2b-b62b-e4374ca2dbff/resourceGroups/mas-demo-rg/providers/Microsoft.ContainerService/managedClusters/mas-demo-aks",KubeEvents,"/subscriptions/33ff7dc7-1c36-4d2b-b62b-e4374ca2dbff/resourcegroups/mas-demo-rg/providers/microsoft.containerservice/managedclusters/mas-demo-aks"
"56608c29-c876-4f36-8532-83b7db336e04",Containers,"9/24/2025, 1:57:51.000 AM",,HorizontalPodAutoscaler,"kube-system","ama-metrics-hpa",FailedComputeMetricsReplicas,"invalid metrics (1 invalid out of 1), first error is: failed to get prometheus-collector container metric value: failed to get memory usage: unable to get metrics for resource memory: no metrics returned from resource metrics API",Warning,"horizontal-pod-autoscaler","9/24/2025, 1:57:51.000 AM","9/24/2025, 1:58:36.000 AM",4,"mas-demo-aks","/subscriptions/33ff7dc7-1c36-4d2b-b62b-e4374ca2dbff/resourceGroups/mas-demo-rg/providers/Microsoft.ContainerService/managedClusters/mas-demo-aks",KubeEvents,"/subscriptions/33ff7dc7-1c36-4d2b-b62b-e4374ca2dbff/resourcegroups/mas-demo-rg/providers/microsoft.containerservice/managedclusters/mas-demo-aks"
"56608c29-c876-4f36-8532-83b7db336e04",Containers,"9/24/2025, 1:57:51.000 AM",,HorizontalPodAutoscaler,"kube-system","ama-metrics-hpa",FailedGetContainerResourceMetric,"failed to get memory usage: unable to get metrics for resource memory: no metrics returned from resource metrics API",Warning,"horizontal-pod-autoscaler","9/24/2025, 1:57:51.000 AM","9/24/2025, 1:58:36.000 AM",4,"mas-demo-aks","/subscriptions/33ff7dc7-1c36-4d2b-b62b-e4374ca2dbff/resourceGroups/mas-demo-rg/providers/Microsoft.ContainerService/managedClusters/mas-demo-aks",KubeEvents,"/subscriptions/33ff7dc7-1c36-4d2b-b62b-e4374ca2dbff/resourcegroups/mas-demo-rg/providers/microsoft.containerservice/managedclusters/mas-demo-aks"
"56608c29-c876-4f36-8532-83b7db336e04",Containers,"9/24/2025, 1:58:05.000 AM","aks-agentpool-32080101-vmss000000",Pod,"kube-system","ama-metrics-operator-targets-7d89fd7fbf-bzwkq",BackOff,"Back-off restarting failed container targetallocator in pod ama-metrics-operator-targets-7d89fd7fbf-bzwkq_kube-system(07f69a26-5247-47ea-a048-f3a4c3624c83)",Warning,kubelet,"9/24/2025, 1:58:05.000 AM","9/24/2025, 1:58:07.000 AM",2,"mas-demo-aks","/subscriptions/33ff7dc7-1c36-4d2b-b62b-e4374ca2dbff/resourceGroups/mas-demo-rg/providers/Microsoft.ContainerService/managedClusters/mas-demo-aks",KubeEvents,"/subscriptions/33ff7dc7-1c36-4d2b-b62b-e4374ca2dbff/resourcegroups/mas-demo-rg/providers/microsoft.containerservice/managedclusters/mas-demo-aks"
"56608c29-c876-4f36-8532-83b7db336e04",Containers,"9/24/2025, 1:59:22.000 AM","aks-agentpool-32080101-vmss000000",Pod,"kube-system","ama-metrics-operator-targets-7d89fd7fbf-bzwkq",Unhealthy,"Liveness probe failed: Get ""http://10.244.1.9:8081/health-ta"": dial tcp 10.244.1.9:8081: connect: connection refused",Warning,kubelet,"9/24/2025, 1:59:22.000 AM","9/24/2025, 1:59:37.000 AM",2,"mas-demo-aks","/subscriptions/33ff7dc7-1c36-4d2b-b62b-e4374ca2dbff/resourceGroups/mas-demo-rg/providers/Microsoft.ContainerService/managedClusters/mas-demo-aks",KubeEvents,"/subscriptions/33ff7dc7-1c36-4d2b-b62b-e4374ca2dbff/resourcegroups/mas-demo-rg/providers/microsoft.containerservice/managedclusters/mas-demo-aks"
"56608c29-c876-4f36-8532-83b7db336e04",Containers,"9/24/2025, 1:59:22.000 AM","aks-agentpool-32080101-vmss000000",Pod,"kube-system","ama-metrics-operator-targets-7d89fd7fbf-bzwkq",Unhealthy,"Liveness probe failed: Get ""http://10.244.1.9:8081/health-ta"": dial tcp 10.244.1.9:8081: connect: connection refused",Warning,kubelet,"9/24/2025, 1:59:22.000 AM","9/24/2025, 1:59:22.000 AM",1,"mas-demo-aks","/subscriptions/33ff7dc7-1c36-4d2b-b62b-e4374ca2dbff/resourceGroups/mas-demo-rg/providers/Microsoft.ContainerService/managedClusters/mas-demo-aks",KubeEvents,"/subscriptions/33ff7dc7-1c36-4d2b-b62b-e4374ca2dbff/resourcegroups/mas-demo-rg/providers/microsoft.containerservice/managedclusters/mas-demo-aks"
"56608c29-c876-4f36-8532-83b7db336e04",Containers,"9/24/2025, 1:59:52.000 AM","aks-agentpool-32080101-vmss000000",Pod,"kube-system","ama-metrics-operator-targets-7d89fd7fbf-bzwkq",Unhealthy,"Liveness probe failed: HTTP probe failed with statuscode: 503",Warning,kubelet,"9/24/2025, 1:59:52.000 AM","9/24/2025, 1:59:52.000 AM",1,"mas-demo-aks","/subscriptions/33ff7dc7-1c36-4d2b-b62b-e4374ca2dbff/resourceGroups/mas-demo-rg/providers/Microsoft.ContainerService/managedClusters/mas-demo-aks",KubeEvents,"/subscriptions/33ff7dc7-1c36-4d2b-b62b-e4374ca2dbff/resourcegroups/mas-demo-rg/providers/microsoft.containerservice/managedclusters/mas-demo-aks"
